Date,Load
1/6/2025 0:00,19.95
1/6/2025 0:15,46.55
1/6/2025 0:30,46.55
1/6/2025 0:45,46.55
1/6/2025 1:00,19.95
1/6/2025 1:15,19.95
1/6/2025 1:30,46.55
1/6/2025 1:45,19.95
1/6/2025 2:00,46.55
1/6/2025 2:15,46.55
1/6/2025 2:30,46.55
1/6/2025 2:45,19.95
1/6/2025 3:00,46.55
1/6/2025 3:15,19.95
1/6/2025 3:30,19.95
1/6/2025 3:45,19.95
1/6/2025 4:00,46.55
1/6/2025 4:15,46.55
1/6/2025 4:30,46.55
1/6/2025 4:45,19.95
1/6/2025 5:00,19.95
1/6/2025 5:15,0
1/6/2025 5:30,0
1/6/2025 5:45,0
1/6/2025 6:00,0
1/6/2025 6:15,0
1/6/2025 6:30,0
1/6/2025 6:45,0
1/6/2025 7:00,0
1/6/2025 7:15,0
1/6/2025 7:30,0
1/6/2025 7:45,0
1/6/2025 8:00,0
1/6/2025 8:15,0
1/6/2025 8:30,0
1/6/2025 8:45,0
1/6/2025 9:00,0
1/6/2025 9:15,119.7
1/6/2025 9:30,79.8
1/6/2025 9:45,53.2
1/6/2025 10:00,59.85
1/6/2025 10:15,53.2
1/6/2025 10:30,53.2
1/6/2025 10:45,53.2
1/6/2025 11:00,53.2
1/6/2025 11:15,53.2
1/6/2025 11:30,53.2
1/6/2025 11:45,53.2
1/6/2025 12:00,53.2
1/6/2025 12:15,53.2
1/6/2025 12:30,59.85
1/6/2025 12:45,53.2
1/6/2025 13:00,46.55
1/6/2025 13:15,53.2
1/6/2025 13:30,46.55
1/6/2025 13:45,46.55
1/6/2025 14:00,59.85
1/6/2025 14:15,53.2
1/6/2025 14:30,53.2
1/6/2025 14:45,53.2
1/6/2025 15:00,53.2
1/6/2025 15:15,46.55
1/6/2025 15:30,53.2
1/6/2025 15:45,53.2
1/6/2025 16:00,46.55
1/6/2025 16:15,53.2
1/6/2025 16:30,59.85
1/6/2025 16:45,19.95
1/6/2025 17:00,0
1/6/2025 17:15,0
1/6/2025 17:30,0
1/6/2025 17:45,0
1/6/2025 18:00,0
1/6/2025 18:15,86.45
1/6/2025 18:30,59.85
1/6/2025 18:45,46.55
1/6/2025 19:00,46.55
1/6/2025 19:15,19.95
1/6/2025 19:30,46.55
1/6/2025 19:45,46.55
1/6/2025 20:00,19.95
1/6/2025 20:15,53.2
1/6/2025 20:30,46.55
1/6/2025 20:45,19.95
1/6/2025 21:00,46.55
1/6/2025 21:15,46.55
1/6/2025 21:30,19.95
1/6/2025 21:45,19.95
1/6/2025 22:00,46.55
1/6/2025 22:15,19.95
1/6/2025 22:30,19.95
1/6/2025 22:45,46.55
1/6/2025 23:00,19.95
1/6/2025 23:15,46.55
1/6/2025 23:30,46.55
1/6/2025 23:45,46.55
2/6/2025 0:00,46.55
2/6/2025 0:15,19.95
2/6/2025 0:30,0
2/6/2025 0:45,19.95
2/6/2025 1:00,19.95
2/6/2025 1:15,19.95
2/6/2025 1:30,19.95
2/6/2025 1:45,19.95
2/6/2025 2:00,46.55
2/6/2025 2:15,46.55
2/6/2025 2:30,46.55
2/6/2025 2:45,46.55
2/6/2025 3:00,19.95
2/6/2025 3:15,46.55
2/6/2025 3:30,46.55
2/6/2025 3:45,19.95
2/6/2025 4:00,46.55
2/6/2025 4:15,19.95
2/6/2025 4:30,46.55
2/6/2025 4:45,46.55
2/6/2025 5:00,0
2/6/2025 5:15,0
2/6/2025 5:30,0
2/6/2025 5:45,0
2/6/2025 6:00,0
2/6/2025 6:15,0
2/6/2025 6:30,0
2/6/2025 6:45,0
2/6/2025 7:00,0
2/6/2025 7:15,0
2/6/2025 7:30,0
2/6/2025 7:45,0
2/6/2025 8:00,0
2/6/2025 8:15,0
2/6/2025 8:30,0
2/6/2025 8:45,0
2/6/2025 9:00,0
2/6/2025 9:15,133
2/6/2025 9:30,86.45
2/6/2025 9:45,73.15
2/6/2025 10:00,73.15
2/6/2025 10:15,59.85
2/6/2025 10:30,73.15
2/6/2025 10:45,66.5
2/6/2025 11:00,66.5
2/6/2025 11:15,59.85
2/6/2025 11:30,66.5
2/6/2025 11:45,66.5
2/6/2025 12:00,66.5
2/6/2025 12:15,73.15
2/6/2025 12:30,73.15
2/6/2025 12:45,73.15
2/6/2025 13:00,66.5
2/6/2025 13:15,73.15
2/6/2025 13:30,66.5
2/6/2025 13:45,73.15
2/6/2025 14:00,66.5
2/6/2025 14:15,66.5
2/6/2025 14:30,73.15
2/6/2025 14:45,73.15
2/6/2025 15:00,66.5
2/6/2025 15:15,73.15
2/6/2025 15:30,59.85
2/6/2025 15:45,73.15
2/6/2025 16:00,66.5
2/6/2025 16:15,66.5
2/6/2025 16:30,66.5
2/6/2025 16:45,73.15
2/6/2025 17:00,0
2/6/2025 17:15,0
2/6/2025 17:30,0
2/6/2025 17:45,0
2/6/2025 18:00,19.95
2/6/2025 18:15,73.15
2/6/2025 18:30,59.85
2/6/2025 18:45,53.2
2/6/2025 19:00,53.2
2/6/2025 19:15,46.55
2/6/2025 19:30,19.95
2/6/2025 19:45,46.55
2/6/2025 20:00,46.55
2/6/2025 20:15,19.95
2/6/2025 20:30,46.55
2/6/2025 20:45,46.55
2/6/2025 21:00,46.55
2/6/2025 21:15,19.95
2/6/2025 21:30,53.2
2/6/2025 21:45,53.2
2/6/2025 22:00,46.55
2/6/2025 22:15,19.95
2/6/2025 22:30,46.55
2/6/2025 22:45,46.55
2/6/2025 23:00,19.95
2/6/2025 23:15,19.95
2/6/2025 23:30,19.95
2/6/2025 23:45,19.95
3/6/2025 0:00,46.55
3/6/2025 0:15,46.55
3/6/2025 0:30,0
3/6/2025 0:45,19.95
3/6/2025 1:00,19.95
3/6/2025 1:15,19.95
3/6/2025 1:30,46.55
3/6/2025 1:45,19.95
3/6/2025 2:00,19.95
3/6/2025 2:15,19.95
3/6/2025 2:30,19.95
3/6/2025 2:45,19.95
3/6/2025 3:00,46.55
3/6/2025 3:15,19.95
3/6/2025 3:30,46.55
3/6/2025 3:45,46.55
3/6/2025 4:00,19.95
3/6/2025 4:15,0
3/6/2025 4:30,46.55
3/6/2025 4:45,19.95
3/6/2025 5:00,0
3/6/2025 5:15,0
3/6/2025 5:30,0
3/6/2025 5:45,0
3/6/2025 6:00,0
3/6/2025 6:15,0
3/6/2025 6:30,0
3/6/2025 6:45,0
3/6/2025 7:00,0
3/6/2025 7:15,0
3/6/2025 7:30,0
3/6/2025 7:45,0
3/6/2025 8:00,0
3/6/2025 8:15,0
3/6/2025 8:30,0
3/6/2025 8:45,0
3/6/2025 9:00,19.95
3/6/2025 9:15,133
3/6/2025 9:30,119.7
3/6/2025 9:45,73.15
3/6/2025 10:00,73.15
3/6/2025 10:15,79.8
3/6/2025 10:30,73.15
3/6/2025 10:45,66.5
3/6/2025 11:00,66.5
3/6/2025 11:15,59.85
3/6/2025 11:30,66.5
3/6/2025 11:45,53.2
3/6/2025 12:00,66.5
3/6/2025 12:15,66.5
3/6/2025 12:30,66.5
3/6/2025 12:45,66.5
3/6/2025 13:00,66.5
3/6/2025 13:15,59.85
3/6/2025 13:30,59.85
3/6/2025 13:45,66.5
3/6/2025 14:00,66.5
3/6/2025 14:15,59.85
3/6/2025 14:30,59.85
3/6/2025 14:45,53.2
3/6/2025 15:00,66.5
3/6/2025 15:15,66.5
3/6/2025 15:30,66.5
3/6/2025 15:45,59.85
3/6/2025 16:00,66.5
3/6/2025 16:15,66.5
3/6/2025 16:30,66.5
3/6/2025 16:45,59.85
3/6/2025 17:00,0
3/6/2025 17:15,0
3/6/2025 17:30,0
3/6/2025 17:45,0
3/6/2025 18:00,19.95
3/6/2025 18:15,133
3/6/2025 18:30,99.75
3/6/2025 18:45,66.5
3/6/2025 19:00,66.5
3/6/2025 19:15,59.85
3/6/2025 19:30,53.2
3/6/2025 19:45,53.2
3/6/2025 20:00,53.2
3/6/2025 20:15,59.85
3/6/2025 20:30,59.85
3/6/2025 20:45,46.55
3/6/2025 21:00,46.55
3/6/2025 21:15,19.95
3/6/2025 21:30,46.55
3/6/2025 21:45,46.55
3/6/2025 22:00,53.2
3/6/2025 22:15,19.95
3/6/2025 22:30,46.55
3/6/2025 22:45,19.95
3/6/2025 23:00,19.95
3/6/2025 23:15,46.55
3/6/2025 23:30,46.55
3/6/2025 23:45,46.55
4/6/2025 0:00,46.55
4/6/2025 0:15,53.2
4/6/2025 0:30,53.2
4/6/2025 0:45,46.55
4/6/2025 1:00,19.95
4/6/2025 1:15,19.95
4/6/2025 1:30,53.2
4/6/2025 1:45,19.95
4/6/2025 2:00,19.95
4/6/2025 2:15,46.55
4/6/2025 2:30,46.55
4/6/2025 2:45,46.55
4/6/2025 3:00,53.2
4/6/2025 3:15,19.95
4/6/2025 3:30,46.55
4/6/2025 3:45,46.55
4/6/2025 4:00,53.2
4/6/2025 4:15,46.55
4/6/2025 4:30,19.95
4/6/2025 4:45,46.55
4/6/2025 5:00,19.95
4/6/2025 5:15,0
4/6/2025 5:30,0
4/6/2025 5:45,0
4/6/2025 6:00,0
4/6/2025 6:15,0
4/6/2025 6:30,0
4/6/2025 6:45,339.5
4/6/2025 7:00,251.3
4/6/2025 7:15,269.85
4/6/2025 7:30,292.6
4/6/2025 7:45,289.8
4/6/2025 8:00,270.9
4/6/2025 8:15,270.55
4/6/2025 8:30,270.9
4/6/2025 8:45,267.4
4/6/2025 9:00,267.75
4/6/2025 9:15,267.75
4/6/2025 9:30,262.15
4/6/2025 9:45,262.5
4/6/2025 10:00,262.15
4/6/2025 10:15,262.85
4/6/2025 10:30,262.5
4/6/2025 10:45,263.2
4/6/2025 11:00,263.55
4/6/2025 11:15,270.2
4/6/2025 11:30,258.3
4/6/2025 11:45,263.9
4/6/2025 12:00,269.85
4/6/2025 12:15,285.25
4/6/2025 12:30,274.75
4/6/2025 12:45,270.9
4/6/2025 13:00,277.9
4/6/2025 13:15,278.95
4/6/2025 13:30,281.75
4/6/2025 13:45,282.1
4/6/2025 14:00,282.1
4/6/2025 14:15,283.5
4/6/2025 14:30,274.75
4/6/2025 14:45,270.9
4/6/2025 15:00,271.6
4/6/2025 15:15,258.3
4/6/2025 15:30,261.45
4/6/2025 15:45,279.65
4/6/2025 16:00,270.9
4/6/2025 16:15,263.9
4/6/2025 16:30,262.5
4/6/2025 16:45,262.5
4/6/2025 17:00,243.6
4/6/2025 17:15,177.8
4/6/2025 17:30,175.35
4/6/2025 17:45,183.05
4/6/2025 18:00,178.15
4/6/2025 18:15,0
4/6/2025 18:30,0
4/6/2025 18:45,0
4/6/2025 19:00,19.95
4/6/2025 19:15,133
4/6/2025 19:30,93.1
4/6/2025 19:45,53.2
4/6/2025 20:00,53.2
4/6/2025 20:15,46.55
4/6/2025 20:30,46.55
4/6/2025 20:45,19.95
4/6/2025 21:00,46.55
4/6/2025 21:15,19.95
4/6/2025 21:30,19.95
4/6/2025 21:45,46.55
4/6/2025 22:00,19.95
4/6/2025 22:15,46.55
4/6/2025 22:30,46.55
4/6/2025 22:45,19.95
4/6/2025 23:00,46.55
4/6/2025 23:15,53.2
4/6/2025 23:30,19.95
4/6/2025 23:45,19.95
5/6/2025 0:00,19.95
5/6/2025 0:15,19.95
5/6/2025 0:30,46.55
5/6/2025 0:45,19.95
5/6/2025 1:00,19.95
5/6/2025 1:15,46.55
5/6/2025 1:30,46.55
5/6/2025 1:45,46.55
5/6/2025 2:00,19.95
5/6/2025 2:15,19.95
5/6/2025 2:30,19.95
5/6/2025 2:45,19.95
5/6/2025 3:00,46.55
5/6/2025 3:15,19.95
5/6/2025 3:30,19.95
5/6/2025 3:45,19.95
5/6/2025 4:00,53.2
5/6/2025 4:15,46.55
5/6/2025 4:30,19.95
5/6/2025 4:45,46.55
5/6/2025 5:00,0
5/6/2025 5:15,0
5/6/2025 5:30,0
5/6/2025 5:45,0
5/6/2025 6:00,0
5/6/2025 6:15,0
5/6/2025 6:30,0
5/6/2025 6:45,0
5/6/2025 7:00,167.3
5/6/2025 7:15,327.95
5/6/2025 7:30,238.7
5/6/2025 7:45,229.25
5/6/2025 8:00,233.45
5/6/2025 8:15,238.7
5/6/2025 8:30,239.4
5/6/2025 8:45,234.5
5/6/2025 9:00,234.5
5/6/2025 9:15,238
5/6/2025 9:30,239.75
5/6/2025 9:45,241.5
5/6/2025 10:00,246.75
5/6/2025 10:15,244.3
5/6/2025 10:30,240.45
5/6/2025 10:45,241.15
5/6/2025 11:00,243.6
5/6/2025 11:15,243.25
5/6/2025 11:30,242.9
5/6/2025 11:45,245.7
5/6/2025 12:00,243.95
5/6/2025 12:15,256.55
5/6/2025 12:30,249.9
5/6/2025 12:45,241.85
5/6/2025 13:00,245
5/6/2025 13:15,245
5/6/2025 13:30,249.9
5/6/2025 13:45,244.3
5/6/2025 14:00,247.8
5/6/2025 14:15,251.3
5/6/2025 14:30,246.4
5/6/2025 14:45,245.7
5/6/2025 15:00,250.95
5/6/2025 15:15,243.6
5/6/2025 15:30,247.1
5/6/2025 15:45,252
5/6/2025 16:00,248.5
5/6/2025 16:15,248.85
5/6/2025 16:30,248.5
5/6/2025 16:45,242.2
5/6/2025 17:00,0
5/6/2025 17:15,0
5/6/2025 17:30,0
5/6/2025 17:45,0
5/6/2025 18:00,19.95
5/6/2025 18:15,133
5/6/2025 18:30,133
5/6/2025 18:45,93.1
5/6/2025 19:00,73.15
5/6/2025 19:15,66.5
5/6/2025 19:30,66.5
5/6/2025 19:45,66.5
5/6/2025 20:00,66.5
5/6/2025 20:15,59.85
5/6/2025 20:30,53.2
5/6/2025 20:45,59.85
5/6/2025 21:00,53.2
5/6/2025 21:15,59.85
5/6/2025 21:30,53.2
5/6/2025 21:45,46.55
5/6/2025 22:00,19.95
5/6/2025 22:15,46.55
5/6/2025 22:30,19.95
5/6/2025 22:45,19.95
5/6/2025 23:00,19.95
5/6/2025 23:15,19.95
5/6/2025 23:30,53.2
5/6/2025 23:45,46.55
6/6/2025 0:00,46.55
6/6/2025 0:15,19.95
6/6/2025 0:30,19.95
6/6/2025 0:45,19.95
6/6/2025 1:00,46.55
6/6/2025 1:15,46.55
6/6/2025 1:30,19.95
6/6/2025 1:45,19.95
6/6/2025 2:00,19.95
6/6/2025 2:15,19.95
6/6/2025 2:30,53.2
6/6/2025 2:45,46.55
6/6/2025 3:00,19.95
6/6/2025 3:15,19.95
6/6/2025 3:30,46.55
6/6/2025 3:45,19.95
6/6/2025 4:00,19.95
6/6/2025 4:15,0
6/6/2025 4:30,46.55
6/6/2025 4:45,53.2
6/6/2025 5:00,0
6/6/2025 5:15,0
6/6/2025 5:30,0
6/6/2025 5:45,0
6/6/2025 6:00,0
6/6/2025 6:15,0
6/6/2025 6:30,0
6/6/2025 6:45,0
6/6/2025 7:00,0
6/6/2025 7:15,335.65
6/6/2025 7:30,250.25
6/6/2025 7:45,237.3
6/6/2025 8:00,245
6/6/2025 8:15,259.7
6/6/2025 8:30,254.1
6/6/2025 8:45,248.5
6/6/2025 9:00,245.7
6/6/2025 9:15,239.4
6/6/2025 9:30,226.45
6/6/2025 9:45,244.65
6/6/2025 10:00,247.8
6/6/2025 10:15,245.7
6/6/2025 10:30,246.4
6/6/2025 10:45,243.25
6/6/2025 11:00,245
6/6/2025 11:15,238.7
6/6/2025 11:30,241.5
6/6/2025 11:45,244.65
6/6/2025 12:00,239.4
6/6/2025 12:15,254.45
6/6/2025 12:30,252.35
6/6/2025 12:45,252
6/6/2025 13:00,251.65
6/6/2025 13:15,250.6
6/6/2025 13:30,252.35
6/6/2025 13:45,243.6
6/6/2025 14:00,254.1
6/6/2025 14:15,250.25
6/6/2025 14:30,247.8
6/6/2025 14:45,252
6/6/2025 15:00,245
6/6/2025 15:15,241.85
6/6/2025 15:30,235.9
6/6/2025 15:45,234.85
6/6/2025 16:00,248.15
6/6/2025 16:15,240.1
6/6/2025 16:30,244.3
6/6/2025 16:45,235.2
6/6/2025 17:00,0
6/6/2025 17:15,0
6/6/2025 17:30,0
6/6/2025 17:45,0
6/6/2025 18:00,0
6/6/2025 18:15,133
6/6/2025 18:30,126.35
6/6/2025 18:45,79.8
6/6/2025 19:00,59.85
6/6/2025 19:15,53.2
6/6/2025 19:30,53.2
6/6/2025 19:45,59.85
6/6/2025 20:00,53.2
6/6/2025 20:15,46.55
6/6/2025 20:30,19.95
6/6/2025 20:45,46.55
6/6/2025 21:00,19.95
6/6/2025 21:15,19.95
6/6/2025 21:30,46.55
6/6/2025 21:45,0
6/6/2025 22:00,19.95
6/6/2025 22:15,46.55
6/6/2025 22:30,46.55
6/6/2025 22:45,46.55
6/6/2025 23:00,46.55
6/6/2025 23:15,46.55
6/6/2025 23:30,46.55
6/6/2025 23:45,0
7/6/2025 0:00,46.55
7/6/2025 0:15,46.55
7/6/2025 0:30,0
7/6/2025 0:45,19.95
7/6/2025 1:00,53.2
7/6/2025 1:15,46.55
7/6/2025 1:30,46.55
7/6/2025 1:45,19.95
7/6/2025 2:00,19.95
7/6/2025 2:15,19.95
7/6/2025 2:30,19.95
7/6/2025 2:45,19.95
7/6/2025 3:00,19.95
7/6/2025 3:15,46.55
7/6/2025 3:30,46.55
7/6/2025 3:45,19.95
7/6/2025 4:00,19.95
7/6/2025 4:15,19.95
7/6/2025 4:30,0
7/6/2025 4:45,46.55
7/6/2025 5:00,19.95
7/6/2025 5:15,0
7/6/2025 5:30,0
7/6/2025 5:45,0
7/6/2025 6:00,0
7/6/2025 6:15,0
7/6/2025 6:30,0
7/6/2025 6:45,0
7/6/2025 7:00,0
7/6/2025 7:15,0
7/6/2025 7:30,0
7/6/2025 7:45,0
7/6/2025 8:00,0
7/6/2025 8:15,0
7/6/2025 8:30,0
7/6/2025 8:45,0
7/6/2025 9:00,19.95
7/6/2025 9:15,133
7/6/2025 9:30,79.8
7/6/2025 9:45,59.85
7/6/2025 10:00,59.85
7/6/2025 10:15,46.55
7/6/2025 10:30,46.55
7/6/2025 10:45,53.2
7/6/2025 11:00,46.55
7/6/2025 11:15,46.55
7/6/2025 11:30,46.55
7/6/2025 11:45,46.55
7/6/2025 12:00,46.55
7/6/2025 12:15,46.55
7/6/2025 12:30,19.95
7/6/2025 12:45,46.55
7/6/2025 13:00,53.2
7/6/2025 13:15,19.95
7/6/2025 13:30,19.95
7/6/2025 13:45,19.95
7/6/2025 14:00,46.55
7/6/2025 14:15,53.2
7/6/2025 14:30,19.95
7/6/2025 14:45,19.95
7/6/2025 15:00,19.95
7/6/2025 15:15,53.2
7/6/2025 15:30,0
7/6/2025 15:45,46.55
7/6/2025 16:00,19.95
7/6/2025 16:15,46.55
7/6/2025 16:30,19.95
7/6/2025 16:45,19.95
7/6/2025 17:00,0
7/6/2025 17:15,0
7/6/2025 17:30,0
7/6/2025 17:45,0
7/6/2025 18:00,73.15
7/6/2025 18:15,46.55
7/6/2025 18:30,46.55
7/6/2025 18:45,46.55
7/6/2025 19:00,53.2
7/6/2025 19:15,19.95
7/6/2025 19:30,19.95
7/6/2025 19:45,19.95
7/6/2025 20:00,46.55
7/6/2025 20:15,19.95
7/6/2025 20:30,46.55
7/6/2025 20:45,46.55
7/6/2025 21:00,0
7/6/2025 21:15,19.95
7/6/2025 21:30,19.95
7/6/2025 21:45,46.55
7/6/2025 22:00,0
7/6/2025 22:15,19.95
7/6/2025 22:30,19.95
7/6/2025 22:45,19.95
7/6/2025 23:00,46.55
7/6/2025 23:15,19.95
7/6/2025 23:30,19.95
7/6/2025 23:45,53.2
8/6/2025 0:00,46.55
8/6/2025 0:15,19.95
8/6/2025 0:30,46.55
8/6/2025 0:45,19.95
8/6/2025 1:00,19.95
8/6/2025 1:15,46.55
8/6/2025 1:30,46.55
8/6/2025 1:45,46.55
8/6/2025 2:00,19.95
8/6/2025 2:15,0
8/6/2025 2:30,19.95
8/6/2025 2:45,46.55
8/6/2025 3:00,46.55
8/6/2025 3:15,19.95
8/6/2025 3:30,46.55
8/6/2025 3:45,19.95
8/6/2025 4:00,19.95
8/6/2025 4:15,19.95
8/6/2025 4:30,46.55
8/6/2025 4:45,19.95
8/6/2025 5:00,19.95
8/6/2025 5:15,0
8/6/2025 5:30,0
8/6/2025 5:45,0
8/6/2025 6:00,0
8/6/2025 6:15,0
8/6/2025 6:30,0
8/6/2025 6:45,0
8/6/2025 7:00,0
8/6/2025 7:15,0
8/6/2025 7:30,0
8/6/2025 7:45,0
8/6/2025 8:00,0
8/6/2025 8:15,0
8/6/2025 8:30,0
8/6/2025 8:45,0
8/6/2025 9:00,19.95
8/6/2025 9:15,79.8
8/6/2025 9:30,59.85
8/6/2025 9:45,53.2
8/6/2025 10:00,46.55
8/6/2025 10:15,53.2
8/6/2025 10:30,46.55
8/6/2025 10:45,19.95
8/6/2025 11:00,19.95
8/6/2025 11:15,0
8/6/2025 11:30,53.2
8/6/2025 11:45,19.95
8/6/2025 12:00,46.55
8/6/2025 12:15,46.55
8/6/2025 12:30,46.55
8/6/2025 12:45,19.95
8/6/2025 13:00,19.95
8/6/2025 13:15,19.95
8/6/2025 13:30,19.95
8/6/2025 13:45,46.55
8/6/2025 14:00,46.55
8/6/2025 14:15,19.95
8/6/2025 14:30,19.95
8/6/2025 14:45,46.55
8/6/2025 15:00,19.95
8/6/2025 15:15,53.2
8/6/2025 15:30,19.95
8/6/2025 15:45,19.95
8/6/2025 16:00,53.2
8/6/2025 16:15,46.55
8/6/2025 16:30,19.95
8/6/2025 16:45,19.95
8/6/2025 17:00,0
8/6/2025 17:15,0
8/6/2025 17:30,0
8/6/2025 17:45,0
8/6/2025 18:00,66.5
8/6/2025 18:15,53.2
8/6/2025 18:30,53.2
8/6/2025 18:45,46.55
8/6/2025 19:00,19.95
8/6/2025 19:15,19.95
8/6/2025 19:30,19.95
8/6/2025 19:45,19.95
8/6/2025 20:00,19.95
8/6/2025 20:15,46.55
8/6/2025 20:30,19.95
8/6/2025 20:45,19.95
8/6/2025 21:00,19.95
8/6/2025 21:15,19.95
8/6/2025 21:30,46.55
8/6/2025 21:45,19.95
8/6/2025 22:00,53.2
8/6/2025 22:15,46.55
8/6/2025 22:30,46.55
8/6/2025 22:45,46.55
8/6/2025 23:00,46.55
8/6/2025 23:15,46.55
8/6/2025 23:30,46.55
8/6/2025 23:45,19.95
9/6/2025 0:00,46.55
9/6/2025 0:15,19.95
9/6/2025 0:30,46.55
9/6/2025 0:45,19.95
9/6/2025 1:00,53.2
9/6/2025 1:15,46.55
9/6/2025 1:30,46.55
9/6/2025 1:45,46.55
9/6/2025 2:00,46.55
9/6/2025 2:15,46.55
9/6/2025 2:30,46.55
9/6/2025 2:45,46.55
9/6/2025 3:00,19.95
9/6/2025 3:15,46.55
9/6/2025 3:30,46.55
9/6/2025 3:45,19.95
9/6/2025 4:00,19.95
9/6/2025 4:15,19.95
9/6/2025 4:30,46.55
9/6/2025 4:45,53.2
9/6/2025 5:00,19.95
9/6/2025 5:15,0
9/6/2025 5:30,0
9/6/2025 5:45,0
9/6/2025 6:00,0
9/6/2025 6:15,0
9/6/2025 6:30,0
9/6/2025 6:45,308
9/6/2025 7:00,224.35
9/6/2025 7:15,247.45
9/6/2025 7:30,238
9/6/2025 7:45,232.05
9/6/2025 8:00,230.3
9/6/2025 8:15,228.55
9/6/2025 8:30,227.5
9/6/2025 8:45,222.95
9/6/2025 9:00,224.35
9/6/2025 9:15,224
9/6/2025 9:30,224
9/6/2025 9:45,223.65
9/6/2025 10:00,227.15
9/6/2025 10:15,221.55
9/6/2025 10:30,220.85
9/6/2025 10:45,219.45
9/6/2025 11:00,218.75
9/6/2025 11:15,219.45
9/6/2025 11:30,218.75
9/6/2025 11:45,225.05
9/6/2025 12:00,225.4
9/6/2025 12:15,239.75
9/6/2025 12:30,237.3
9/6/2025 12:45,235.2
9/6/2025 13:00,233.45
9/6/2025 13:15,233.45
9/6/2025 13:30,238
9/6/2025 13:45,228.55
9/6/2025 14:00,229.25
9/6/2025 14:15,233.45
9/6/2025 14:30,239.05
9/6/2025 14:45,241.5
9/6/2025 15:00,241.15
9/6/2025 15:15,219.1
9/6/2025 15:30,217.7
9/6/2025 15:45,241.5
9/6/2025 16:00,235.55
9/6/2025 16:15,236.95
9/6/2025 16:30,227.15
9/6/2025 16:45,0
9/6/2025 17:00,0
9/6/2025 17:15,0
9/6/2025 17:30,0
9/6/2025 17:45,0
9/6/2025 18:00,19.95
9/6/2025 18:15,133
9/6/2025 18:30,133
9/6/2025 18:45,93.1
9/6/2025 19:00,66.5
9/6/2025 19:15,59.85
9/6/2025 19:30,66.5
9/6/2025 19:45,53.2
9/6/2025 20:00,66.5
9/6/2025 20:15,53.2
9/6/2025 20:30,53.2
9/6/2025 20:45,53.2
9/6/2025 21:00,46.55
9/6/2025 21:15,53.2
9/6/2025 21:30,53.2
9/6/2025 21:45,53.2
9/6/2025 22:00,46.55
9/6/2025 22:15,46.55
9/6/2025 22:30,46.55
9/6/2025 22:45,19.95
9/6/2025 23:00,46.55
9/6/2025 23:15,19.95
9/6/2025 23:30,19.95
9/6/2025 23:45,46.55
10/6/2025 0:00,46.55
10/6/2025 0:15,53.2
10/6/2025 0:30,46.55
10/6/2025 0:45,46.55
10/6/2025 1:00,19.95
10/6/2025 1:15,19.95
10/6/2025 1:30,46.55
10/6/2025 1:45,19.95
10/6/2025 2:00,46.55
10/6/2025 2:15,19.95
10/6/2025 2:30,19.95
10/6/2025 2:45,19.95
10/6/2025 3:00,53.2
10/6/2025 3:15,46.55
10/6/2025 3:30,19.95
10/6/2025 3:45,46.55
10/6/2025 4:00,46.55
10/6/2025 4:15,46.55
10/6/2025 4:30,19.95
10/6/2025 4:45,46.55
10/6/2025 5:00,19.95
10/6/2025 5:15,0
10/6/2025 5:30,0
10/6/2025 5:45,0
10/6/2025 6:00,0
10/6/2025 6:15,0
10/6/2025 6:30,0
10/6/2025 6:45,0
10/6/2025 7:00,198.1
10/6/2025 7:15,305.55
10/6/2025 7:30,232.75
10/6/2025 7:45,222.95
10/6/2025 8:00,216.65
10/6/2025 8:15,208.25
10/6/2025 8:30,207.2
10/6/2025 8:45,211.4
10/6/2025 9:00,218.05
10/6/2025 9:15,220.85
10/6/2025 9:30,221.55
10/6/2025 9:45,222.95
10/6/2025 10:00,213.15
10/6/2025 10:15,212.45
10/6/2025 10:30,218.75
10/6/2025 10:45,216.3
10/6/2025 11:00,210.35
10/6/2025 11:15,218.75
10/6/2025 11:30,219.8
10/6/2025 11:45,220.85
10/6/2025 12:00,214.55
10/6/2025 12:15,236.25
10/6/2025 12:30,232.75
10/6/2025 12:45,231.7
10/6/2025 13:00,232.4
10/6/2025 13:15,231.7
10/6/2025 13:30,234.15
10/6/2025 13:45,230.65
10/6/2025 14:00,233.45
10/6/2025 14:15,234.85
10/6/2025 14:30,233.45
10/6/2025 14:45,229.6
10/6/2025 15:00,231
10/6/2025 15:15,219.8
10/6/2025 15:30,220.85
10/6/2025 15:45,235.2
10/6/2025 16:00,233.45
10/6/2025 16:15,229.25
10/6/2025 16:30,229.95
10/6/2025 16:45,231.35
10/6/2025 17:00,0
10/6/2025 17:15,0
10/6/2025 17:30,0
10/6/2025 17:45,0
10/6/2025 18:00,133
10/6/2025 18:15,133
10/6/2025 18:30,133
10/6/2025 18:45,133
10/6/2025 19:00,133
10/6/2025 19:15,119.7
10/6/2025 19:30,93.1
10/6/2025 19:45,79.8
10/6/2025 20:00,66.5
10/6/2025 20:15,66.5
10/6/2025 20:30,66.5
10/6/2025 20:45,66.5
10/6/2025 21:00,66.5
10/6/2025 21:15,53.2
10/6/2025 21:30,59.85
10/6/2025 21:45,46.55
10/6/2025 22:00,46.55
10/6/2025 22:15,53.2
10/6/2025 22:30,53.2
10/6/2025 22:45,53.2
10/6/2025 23:00,19.95
10/6/2025 23:15,46.55
10/6/2025 23:30,19.95
10/6/2025 23:45,19.95
11/6/2025 0:00,19.95
11/6/2025 0:15,46.55
11/6/2025 0:30,19.95
11/6/2025 0:45,19.95
11/6/2025 1:00,46.55
11/6/2025 1:15,46.55
11/6/2025 1:30,46.55
11/6/2025 1:45,19.95
11/6/2025 2:00,19.95
11/6/2025 2:15,53.2
11/6/2025 2:30,46.55
11/6/2025 2:45,46.55
11/6/2025 3:00,19.95
11/6/2025 3:15,46.55
11/6/2025 3:30,46.55
11/6/2025 3:45,46.55
11/6/2025 4:00,0
11/6/2025 4:15,19.95
11/6/2025 4:30,46.55
11/6/2025 4:45,19.95
11/6/2025 5:00,0
11/6/2025 5:15,0
11/6/2025 5:30,0
11/6/2025 5:45,0
11/6/2025 6:00,0
11/6/2025 6:15,0
11/6/2025 6:30,0
11/6/2025 6:45,0
11/6/2025 7:00,0
11/6/2025 7:15,277.9
11/6/2025 7:30,216.65
11/6/2025 7:45,209.65
11/6/2025 8:00,205.1
11/6/2025 8:15,226.1
11/6/2025 8:30,220.15
11/6/2025 8:45,217.35
11/6/2025 9:00,221.55
11/6/2025 9:15,221.2
11/6/2025 9:30,217.35
11/6/2025 9:45,215.95
11/6/2025 10:00,215.6
11/6/2025 10:15,218.75
11/6/2025 10:30,210
11/6/2025 10:45,216.3
11/6/2025 11:00,217.35
11/6/2025 11:15,216.65
11/6/2025 11:30,211.75
11/6/2025 11:45,222.95
11/6/2025 12:00,221.9
11/6/2025 12:15,232.75
11/6/2025 12:30,233.8
11/6/2025 12:45,233.8
11/6/2025 13:00,227.5
11/6/2025 13:15,236.6
11/6/2025 13:30,235.2
11/6/2025 13:45,227.15
11/6/2025 14:00,227.5
11/6/2025 14:15,229.95
11/6/2025 14:30,229.25
11/6/2025 14:45,229.25
11/6/2025 15:00,230.65
11/6/2025 15:15,214.55
11/6/2025 15:30,214.9
11/6/2025 15:45,233.1
11/6/2025 16:00,222.6
11/6/2025 16:15,222.25
11/6/2025 16:30,223.65
11/6/2025 16:45,212.1
11/6/2025 17:00,0
11/6/2025 17:15,0
11/6/2025 17:30,0
11/6/2025 17:45,0
11/6/2025 18:00,0
11/6/2025 18:15,133
11/6/2025 18:30,133
11/6/2025 18:45,93.1
11/6/2025 19:00,73.15
11/6/2025 19:15,59.85
11/6/2025 19:30,53.2
11/6/2025 19:45,59.85
11/6/2025 20:00,53.2
11/6/2025 20:15,53.2
11/6/2025 20:30,46.55
11/6/2025 20:45,46.55
11/6/2025 21:00,46.55
11/6/2025 21:15,19.95
11/6/2025 21:30,46.55
11/6/2025 21:45,19.95
11/6/2025 22:00,46.55
11/6/2025 22:15,46.55
11/6/2025 22:30,19.95
11/6/2025 22:45,19.95
11/6/2025 23:00,46.55
11/6/2025 23:15,46.55
11/6/2025 23:30,46.55
11/6/2025 23:45,46.55
12/6/2025 0:00,19.95
12/6/2025 0:15,46.55
12/6/2025 0:30,46.55
12/6/2025 0:45,53.2
12/6/2025 1:00,46.55
12/6/2025 1:15,46.55
12/6/2025 1:30,19.95
12/6/2025 1:45,46.55
12/6/2025 2:00,53.2
12/6/2025 2:15,19.95
12/6/2025 2:30,46.55
12/6/2025 2:45,19.95
12/6/2025 3:00,46.55
12/6/2025 3:15,19.95
12/6/2025 3:30,19.95
12/6/2025 3:45,19.95
12/6/2025 4:00,46.55
12/6/2025 4:15,19.95
12/6/2025 4:30,46.55
12/6/2025 4:45,46.55
12/6/2025 5:00,0
12/6/2025 5:15,0
12/6/2025 5:30,0
12/6/2025 5:45,0
12/6/2025 6:00,0
12/6/2025 6:15,0
12/6/2025 6:30,0
12/6/2025 6:45,0
12/6/2025 7:00,0
12/6/2025 7:15,299.6
12/6/2025 7:30,208.25
12/6/2025 7:45,192.85
12/6/2025 8:00,192.15
12/6/2025 8:15,206.15
12/6/2025 8:30,206.5
12/6/2025 8:45,208.25
12/6/2025 9:00,202.3
12/6/2025 9:15,217
12/6/2025 9:30,213.15
12/6/2025 9:45,206.15
12/6/2025 10:00,206.85
12/6/2025 10:15,215.25
12/6/2025 10:30,218.75
12/6/2025 10:45,212.45
12/6/2025 11:00,212.8
12/6/2025 11:15,218.05
12/6/2025 11:30,217.35
12/6/2025 11:45,220.85
12/6/2025 12:00,220.85
12/6/2025 12:15,232.05
12/6/2025 12:30,233.1
12/6/2025 12:45,232.4
12/6/2025 13:00,233.1
12/6/2025 13:15,232.75
12/6/2025 13:30,231.7
12/6/2025 13:45,229.25
12/6/2025 14:00,228.55
12/6/2025 14:15,228.9
12/6/2025 14:30,227.85
12/6/2025 14:45,228.2
12/6/2025 15:00,228.9
12/6/2025 15:15,218.75
12/6/2025 15:30,207.9
12/6/2025 15:45,224
12/6/2025 16:00,232.05
12/6/2025 16:15,232.75
12/6/2025 16:30,229.6
12/6/2025 16:45,216.65
12/6/2025 17:00,0
12/6/2025 17:15,0
12/6/2025 17:30,0
12/6/2025 17:45,0
12/6/2025 18:00,19.95
12/6/2025 18:15,133
12/6/2025 18:30,113.05
12/6/2025 18:45,66.5
12/6/2025 19:00,59.85
12/6/2025 19:15,53.2
12/6/2025 19:30,53.2
12/6/2025 19:45,46.55
12/6/2025 20:00,46.55
12/6/2025 20:15,19.95
12/6/2025 20:30,19.95
12/6/2025 20:45,19.95
12/6/2025 21:00,19.95
12/6/2025 21:15,46.55
12/6/2025 21:30,19.95
12/6/2025 21:45,19.95
12/6/2025 22:00,19.95
12/6/2025 22:15,19.95
12/6/2025 22:30,46.55
12/6/2025 22:45,46.55
12/6/2025 23:00,46.55
12/6/2025 23:15,0
12/6/2025 23:30,19.95
12/6/2025 23:45,46.55
13/6/2025 0:00,46.55
13/6/2025 0:15,19.95
13/6/2025 0:30,0
13/6/2025 0:45,19.95
13/6/2025 1:00,0
13/6/2025 1:15,0
13/6/2025 1:30,0
13/6/2025 1:45,0
13/6/2025 2:00,19.95
13/6/2025 2:15,53.2
13/6/2025 2:30,53.2
13/6/2025 2:45,19.95
13/6/2025 3:00,46.55
13/6/2025 3:15,19.95
13/6/2025 3:30,46.55
13/6/2025 3:45,19.95
13/6/2025 4:00,19.95
13/6/2025 4:15,46.55
13/6/2025 4:30,19.95
13/6/2025 4:45,19.95
13/6/2025 5:00,0
13/6/2025 5:15,0
13/6/2025 5:30,0
13/6/2025 5:45,0
13/6/2025 6:00,0
13/6/2025 6:15,0
13/6/2025 6:30,0
13/6/2025 6:45,0
13/6/2025 7:00,0
13/6/2025 7:15,245
13/6/2025 7:30,206.15
13/6/2025 7:45,191.8
13/6/2025 8:00,187.95
13/6/2025 8:15,217
13/6/2025 8:30,217
13/6/2025 8:45,211.05
13/6/2025 9:00,210.35
13/6/2025 9:15,214.2
13/6/2025 9:30,208.25
13/6/2025 9:45,218.05
13/6/2025 10:00,210.7
13/6/2025 10:15,208.25
13/6/2025 10:30,213.5
13/6/2025 10:45,207.55
13/6/2025 11:00,214.55
13/6/2025 11:15,215.95
13/6/2025 11:30,217.35
13/6/2025 11:45,223.65
13/6/2025 12:00,224.7
13/6/2025 12:15,233.8
13/6/2025 12:30,229.6
13/6/2025 12:45,230.65
13/6/2025 13:00,231.35
13/6/2025 13:15,239.75
13/6/2025 13:30,241.15
13/6/2025 13:45,240.45
13/6/2025 14:00,234.5
13/6/2025 14:15,233.1
13/6/2025 14:30,234.15
13/6/2025 14:45,225.05
13/6/2025 15:00,221.55
13/6/2025 15:15,204.4
13/6/2025 15:30,205.8
13/6/2025 15:45,218.75
13/6/2025 16:00,211.75
13/6/2025 16:15,217.35
13/6/2025 16:30,192.85
13/6/2025 16:45,190.05
13/6/2025 17:00,0
13/6/2025 17:15,0
13/6/2025 17:30,0
13/6/2025 17:45,0
13/6/2025 18:00,53.2
13/6/2025 18:15,133
13/6/2025 18:30,86.45
13/6/2025 18:45,46.55
13/6/2025 19:00,53.2
13/6/2025 19:15,46.55
13/6/2025 19:30,46.55
13/6/2025 19:45,19.95
13/6/2025 20:00,19.95
13/6/2025 20:15,19.95
13/6/2025 20:30,46.55
13/6/2025 20:45,19.95
13/6/2025 21:00,19.95
13/6/2025 21:15,19.95
13/6/2025 21:30,19.95
13/6/2025 21:45,19.95
13/6/2025 22:00,46.55
13/6/2025 22:15,19.95
13/6/2025 22:30,46.55
13/6/2025 22:45,19.95
13/6/2025 23:00,46.55
13/6/2025 23:15,19.95
13/6/2025 23:30,46.55
13/6/2025 23:45,19.95
14/6/2025 0:00,19.95
14/6/2025 0:15,46.55
14/6/2025 0:30,19.95
14/6/2025 0:45,19.95
14/6/2025 1:00,46.55
14/6/2025 1:15,46.55
14/6/2025 1:30,19.95
14/6/2025 1:45,19.95
14/6/2025 2:00,19.95
14/6/2025 2:15,19.95
14/6/2025 2:30,19.95
14/6/2025 2:45,0
14/6/2025 3:00,46.55
14/6/2025 3:15,19.95
14/6/2025 3:30,19.95
14/6/2025 3:45,0
14/6/2025 4:00,19.95
14/6/2025 4:15,19.95
14/6/2025 4:30,19.95
14/6/2025 4:45,19.95
14/6/2025 5:00,19.95
14/6/2025 5:15,0
14/6/2025 5:30,0
14/6/2025 5:45,0
14/6/2025 6:00,0
14/6/2025 6:15,0
14/6/2025 6:30,0
14/6/2025 6:45,0
14/6/2025 7:00,0
14/6/2025 7:15,0
14/6/2025 7:30,0
14/6/2025 7:45,0
14/6/2025 8:00,0
14/6/2025 8:15,0
14/6/2025 8:30,0
14/6/2025 8:45,0
14/6/2025 9:00,19.95
14/6/2025 9:15,79.8
14/6/2025 9:30,59.85
14/6/2025 9:45,53.2
14/6/2025 10:00,59.85
14/6/2025 10:15,46.55
14/6/2025 10:30,46.55
14/6/2025 10:45,46.55
14/6/2025 11:00,53.2
14/6/2025 11:15,46.55
14/6/2025 11:30,19.95
14/6/2025 11:45,46.55
14/6/2025 12:00,46.55
14/6/2025 12:15,19.95
14/6/2025 12:30,46.55
14/6/2025 12:45,46.55
14/6/2025 13:00,19.95
14/6/2025 13:15,46.55
14/6/2025 13:30,19.95
14/6/2025 13:45,19.95
14/6/2025 14:00,19.95
14/6/2025 14:15,46.55
14/6/2025 14:30,46.55
14/6/2025 14:45,46.55
14/6/2025 15:00,46.55
14/6/2025 15:15,46.55
14/6/2025 15:30,46.55
14/6/2025 15:45,53.2
14/6/2025 16:00,46.55
14/6/2025 16:15,46.55
14/6/2025 16:30,53.2
14/6/2025 16:45,19.95
14/6/2025 17:00,0
14/6/2025 17:15,0
14/6/2025 17:30,0
14/6/2025 17:45,0
14/6/2025 18:00,19.95
14/6/2025 18:15,53.2
14/6/2025 18:30,53.2
14/6/2025 18:45,46.55
14/6/2025 19:00,19.95
14/6/2025 19:15,46.55
14/6/2025 19:30,46.55
14/6/2025 19:45,19.95
14/6/2025 20:00,19.95
14/6/2025 20:15,46.55
14/6/2025 20:30,19.95
14/6/2025 20:45,19.95
14/6/2025 21:00,19.95
14/6/2025 21:15,19.95
14/6/2025 21:30,19.95
14/6/2025 21:45,46.55
14/6/2025 22:00,19.95
14/6/2025 22:15,19.95
14/6/2025 22:30,19.95
14/6/2025 22:45,46.55
14/6/2025 23:00,19.95
14/6/2025 23:15,46.55
14/6/2025 23:30,46.55
14/6/2025 23:45,0
15/6/2025 0:00,19.95
15/6/2025 0:15,46.55
15/6/2025 0:30,46.55
15/6/2025 0:45,19.95
15/6/2025 1:00,46.55
15/6/2025 1:15,19.95
15/6/2025 1:30,19.95
15/6/2025 1:45,46.55
15/6/2025 2:00,19.95
15/6/2025 2:15,19.95
15/6/2025 2:30,46.55
15/6/2025 2:45,19.95
15/6/2025 3:00,19.95
15/6/2025 3:15,19.95
15/6/2025 3:30,19.95
15/6/2025 3:45,46.55
15/6/2025 4:00,46.55
15/6/2025 4:15,46.55
15/6/2025 4:30,46.55
15/6/2025 4:45,46.55
15/6/2025 5:00,19.95
15/6/2025 5:15,0
15/6/2025 5:30,0
15/6/2025 5:45,0
15/6/2025 6:00,0
15/6/2025 6:15,0
15/6/2025 6:30,0
15/6/2025 6:45,0
15/6/2025 7:00,0
15/6/2025 7:15,0
15/6/2025 7:30,0
15/6/2025 7:45,0
15/6/2025 8:00,0
15/6/2025 8:15,0
15/6/2025 8:30,0
15/6/2025 8:45,0
15/6/2025 9:00,19.95
15/6/2025 9:15,113.05
15/6/2025 9:30,73.15
15/6/2025 9:45,53.2
15/6/2025 10:00,46.55
15/6/2025 10:15,19.95
15/6/2025 10:30,19.95
15/6/2025 10:45,19.95
15/6/2025 11:00,19.95
15/6/2025 11:15,46.55
15/6/2025 11:30,46.55
15/6/2025 11:45,46.55
15/6/2025 12:00,46.55
15/6/2025 12:15,46.55
15/6/2025 12:30,19.95
15/6/2025 12:45,19.95
15/6/2025 13:00,19.95
15/6/2025 13:15,46.55
15/6/2025 13:30,19.95
15/6/2025 13:45,46.55
15/6/2025 14:00,46.55
15/6/2025 14:15,46.55
15/6/2025 14:30,19.95
15/6/2025 14:45,46.55
15/6/2025 15:00,46.55
15/6/2025 15:15,46.55
15/6/2025 15:30,46.55
15/6/2025 15:45,19.95
15/6/2025 16:00,19.95
15/6/2025 16:15,19.95
15/6/2025 16:30,19.95
15/6/2025 16:45,19.95
15/6/2025 17:00,0
15/6/2025 17:15,0
15/6/2025 17:30,0
15/6/2025 17:45,0
15/6/2025 18:00,0
15/6/2025 18:15,53.2
15/6/2025 18:30,46.55
15/6/2025 18:45,46.55
15/6/2025 19:00,19.95
15/6/2025 19:15,19.95
15/6/2025 19:30,19.95
15/6/2025 19:45,19.95
15/6/2025 20:00,19.95
15/6/2025 20:15,19.95
15/6/2025 20:30,19.95
15/6/2025 20:45,0
15/6/2025 21:00,19.95
15/6/2025 21:15,19.95
15/6/2025 21:30,19.95
15/6/2025 21:45,46.55
15/6/2025 22:00,46.55
15/6/2025 22:15,46.55
15/6/2025 22:30,46.55
15/6/2025 22:45,19.95
15/6/2025 23:00,19.95
15/6/2025 23:15,19.95
15/6/2025 23:30,46.55
15/6/2025 23:45,46.55
16/6/2025 0:00,46.55
16/6/2025 0:15,19.95
16/6/2025 0:30,19.95
16/6/2025 0:45,46.55
16/6/2025 1:00,19.95
16/6/2025 1:15,19.95
16/6/2025 1:30,19.95
16/6/2025 1:45,19.95
16/6/2025 2:00,46.55
16/6/2025 2:15,46.55
16/6/2025 2:30,46.55
16/6/2025 2:45,46.55
16/6/2025 3:00,46.55
16/6/2025 3:15,46.55
16/6/2025 3:30,46.55
16/6/2025 3:45,0
16/6/2025 4:00,53.2
16/6/2025 4:15,19.95
16/6/2025 4:30,19.95
16/6/2025 4:45,19.95
16/6/2025 5:00,0
16/6/2025 5:15,0
16/6/2025 5:30,0
16/6/2025 5:45,0
16/6/2025 6:00,0
16/6/2025 6:15,0
16/6/2025 6:30,0
16/6/2025 6:45,234.15
16/6/2025 7:00,204.4
16/6/2025 7:15,216.65
16/6/2025 7:30,215.6
16/6/2025 7:45,216.3
16/6/2025 8:00,213.5
16/6/2025 8:15,230.3
16/6/2025 8:30,226.45
16/6/2025 8:45,220.85
16/6/2025 9:00,222.95
16/6/2025 9:15,222.25
16/6/2025 9:30,222.95
16/6/2025 9:45,222.25
16/6/2025 10:00,222.95
16/6/2025 10:15,222.25
16/6/2025 10:30,221.55
16/6/2025 10:45,225.05
16/6/2025 11:00,224.7
16/6/2025 11:15,222.95
16/6/2025 11:30,221.55
16/6/2025 11:45,224.35
16/6/2025 12:00,227.5
16/6/2025 12:15,244.3
16/6/2025 12:30,240.1
16/6/2025 12:45,238
16/6/2025 13:00,234.15
16/6/2025 13:15,237.65
16/6/2025 13:30,240.45
16/6/2025 13:45,239.75
16/6/2025 14:00,238
16/6/2025 14:15,237.65
16/6/2025 14:30,237.3
16/6/2025 14:45,231.35
16/6/2025 15:00,236.25
16/6/2025 15:15,230.65
16/6/2025 15:30,237.3
16/6/2025 15:45,249.9
16/6/2025 16:00,242.2
16/6/2025 16:15,242.55
16/6/2025 16:30,240.1
16/6/2025 16:45,234.5
16/6/2025 17:00,259.35
16/6/2025 17:15,0
16/6/2025 17:30,0
16/6/2025 17:45,0
16/6/2025 18:00,0
16/6/2025 18:15,0
16/6/2025 18:30,0
16/6/2025 18:45,0
16/6/2025 19:00,79.8
16/6/2025 19:15,133
16/6/2025 19:30,99.75
16/6/2025 19:45,66.5
16/6/2025 20:00,46.55
16/6/2025 20:15,53.2
16/6/2025 20:30,46.55
16/6/2025 20:45,19.95
16/6/2025 21:00,19.95
16/6/2025 21:15,46.55
16/6/2025 21:30,46.55
16/6/2025 21:45,19.95
16/6/2025 22:00,0
16/6/2025 22:15,46.55
16/6/2025 22:30,46.55
16/6/2025 22:45,19.95
16/6/2025 23:00,19.95
16/6/2025 23:15,53.2
16/6/2025 23:30,19.95
16/6/2025 23:45,19.95
17/6/2025 0:00,19.95
17/6/2025 0:15,19.95
17/6/2025 0:30,19.95
17/6/2025 0:45,53.2
17/6/2025 1:00,19.95
17/6/2025 1:15,46.55
17/6/2025 1:30,46.55
17/6/2025 1:45,19.95
17/6/2025 2:00,46.55
17/6/2025 2:15,46.55
17/6/2025 2:30,19.95
17/6/2025 2:45,46.55
17/6/2025 3:00,19.95
17/6/2025 3:15,0
17/6/2025 3:30,19.95
17/6/2025 3:45,46.55
17/6/2025 4:00,46.55
17/6/2025 4:15,46.55
17/6/2025 4:30,19.95
17/6/2025 4:45,19.95
17/6/2025 5:00,0
17/6/2025 5:15,0
17/6/2025 5:30,0
17/6/2025 5:45,0
17/6/2025 6:00,0
17/6/2025 6:15,0
17/6/2025 6:30,0
17/6/2025 6:45,0
17/6/2025 7:00,0
17/6/2025 7:15,271.25
17/6/2025 7:30,217.35
17/6/2025 7:45,224
17/6/2025 8:00,221.9
17/6/2025 8:15,226.45
17/6/2025 8:30,225.05
17/6/2025 8:45,219.45
17/6/2025 9:00,218.75
17/6/2025 9:15,216.65
17/6/2025 9:30,220.85
17/6/2025 9:45,222.95
17/6/2025 10:00,220.5
17/6/2025 10:15,220.15
17/6/2025 10:30,224.7
17/6/2025 10:45,227.15
17/6/2025 11:00,228.55
17/6/2025 11:15,227.15
17/6/2025 11:30,228.55
17/6/2025 11:45,231
17/6/2025 12:00,231.35
17/6/2025 12:15,246.05
17/6/2025 12:30,238.7
17/6/2025 12:45,238.7
17/6/2025 13:00,246.75
17/6/2025 13:15,245
17/6/2025 13:30,242.2
17/6/2025 13:45,241.15
17/6/2025 14:00,240.8
17/6/2025 14:15,241.15
17/6/2025 14:30,236.6
17/6/2025 14:45,235.55
17/6/2025 15:00,236.6
17/6/2025 15:15,229.95
17/6/2025 15:30,229.25
17/6/2025 15:45,233.1
17/6/2025 16:00,229.95
17/6/2025 16:15,232.75
17/6/2025 16:30,231
17/6/2025 16:45,222.95
17/6/2025 17:00,0
17/6/2025 17:15,0
17/6/2025 17:30,0
17/6/2025 17:45,0
17/6/2025 18:00,0
17/6/2025 18:15,133
17/6/2025 18:30,133
17/6/2025 18:45,133
17/6/2025 19:00,99.75
17/6/2025 19:15,59.85
17/6/2025 19:30,66.5
17/6/2025 19:45,59.85
17/6/2025 20:00,66.5
17/6/2025 20:15,66.5
17/6/2025 20:30,53.2
17/6/2025 20:45,59.85
17/6/2025 21:00,59.85
17/6/2025 21:15,53.2
17/6/2025 21:30,53.2
17/6/2025 21:45,53.2
17/6/2025 22:00,53.2
17/6/2025 22:15,46.55
17/6/2025 22:30,46.55
17/6/2025 22:45,46.55
17/6/2025 23:00,19.95
17/6/2025 23:15,19.95
17/6/2025 23:30,19.95
17/6/2025 23:45,46.55
18/6/2025 0:00,46.55
18/6/2025 0:15,46.55
18/6/2025 0:30,46.55
18/6/2025 0:45,46.55
18/6/2025 1:00,19.95
18/6/2025 1:15,19.95
18/6/2025 1:30,46.55
18/6/2025 1:45,46.55
18/6/2025 2:00,19.95
18/6/2025 2:15,46.55
18/6/2025 2:30,19.95
18/6/2025 2:45,19.95
18/6/2025 3:00,46.55
18/6/2025 3:15,19.95
18/6/2025 3:30,19.95
18/6/2025 3:45,19.95
18/6/2025 4:00,19.95
18/6/2025 4:15,19.95
18/6/2025 4:30,19.95
18/6/2025 4:45,19.95
18/6/2025 5:00,19.95
18/6/2025 5:15,0
18/6/2025 5:30,0
18/6/2025 5:45,0
18/6/2025 6:00,0
18/6/2025 6:15,0
18/6/2025 6:30,0
18/6/2025 6:45,0
18/6/2025 7:00,0
18/6/2025 7:15,297.5
18/6/2025 7:30,216.3
18/6/2025 7:45,205.45
18/6/2025 8:00,204.4
18/6/2025 8:15,216.3
18/6/2025 8:30,218.05
18/6/2025 8:45,213.5
18/6/2025 9:00,215.6
18/6/2025 9:15,213.15
18/6/2025 9:30,219.1
18/6/2025 9:45,218.05
18/6/2025 10:00,219.1
18/6/2025 10:15,216.65
18/6/2025 10:30,214.2
18/6/2025 10:45,218.4
18/6/2025 11:00,214.9
18/6/2025 11:15,218.4
18/6/2025 11:30,220.85
18/6/2025 11:45,223.3
18/6/2025 12:00,215.6
18/6/2025 12:15,237.65
18/6/2025 12:30,230.3
18/6/2025 12:45,229.6
18/6/2025 13:00,229.25
18/6/2025 13:15,231.35
18/6/2025 13:30,235.55
18/6/2025 13:45,231
18/6/2025 14:00,238
18/6/2025 14:15,233.45
18/6/2025 14:30,229.6
18/6/2025 14:45,233.45
18/6/2025 15:00,234.15
18/6/2025 15:15,224
18/6/2025 15:30,226.8
18/6/2025 15:45,237.3
18/6/2025 16:00,235.9
18/6/2025 16:15,234.85
18/6/2025 16:30,229.95
18/6/2025 16:45,220.15
18/6/2025 17:00,0
18/6/2025 17:15,0
18/6/2025 17:30,0
18/6/2025 17:45,0
18/6/2025 18:00,0
18/6/2025 18:15,133
18/6/2025 18:30,133
18/6/2025 18:45,79.8
18/6/2025 19:00,66.5
18/6/2025 19:15,66.5
18/6/2025 19:30,53.2
18/6/2025 19:45,53.2
18/6/2025 20:00,59.85
18/6/2025 20:15,53.2
18/6/2025 20:30,53.2
18/6/2025 20:45,53.2
18/6/2025 21:00,53.2
18/6/2025 21:15,53.2
18/6/2025 21:30,59.85
18/6/2025 21:45,46.55
18/6/2025 22:00,46.55
18/6/2025 22:15,53.2
18/6/2025 22:30,53.2
18/6/2025 22:45,46.55
18/6/2025 23:00,19.95
18/6/2025 23:15,46.55
18/6/2025 23:30,19.95
18/6/2025 23:45,46.55
19/6/2025 0:00,19.95
19/6/2025 0:15,46.55
19/6/2025 0:30,46.55
19/6/2025 0:45,19.95
19/6/2025 1:00,46.55
19/6/2025 1:15,46.55
19/6/2025 1:30,0
19/6/2025 1:45,19.95
19/6/2025 2:00,19.95
19/6/2025 2:15,19.95
19/6/2025 2:30,53.2
19/6/2025 2:45,46.55
19/6/2025 3:00,19.95
19/6/2025 3:15,46.55
19/6/2025 3:30,19.95
19/6/2025 3:45,0
19/6/2025 4:00,46.55
19/6/2025 4:15,19.95
19/6/2025 4:30,19.95
19/6/2025 4:45,19.95
19/6/2025 5:00,0
19/6/2025 5:15,0
19/6/2025 5:30,0
19/6/2025 5:45,0
19/6/2025 6:00,0
19/6/2025 6:15,0
19/6/2025 6:30,0
19/6/2025 6:45,0
19/6/2025 7:00,0
19/6/2025 7:15,290.15
19/6/2025 7:30,220.85
19/6/2025 7:45,208.95
19/6/2025 8:00,221.9
19/6/2025 8:15,226.8
19/6/2025 8:30,229.6
19/6/2025 8:45,222.25
19/6/2025 9:00,216.65
19/6/2025 9:15,217.7
19/6/2025 9:30,225.05
19/6/2025 9:45,223.65
19/6/2025 10:00,220.15
19/6/2025 10:15,224.7
19/6/2025 10:30,221.9
19/6/2025 10:45,221.2
19/6/2025 11:00,222.6
19/6/2025 11:15,222.95
19/6/2025 11:30,224.35
19/6/2025 11:45,227.15
19/6/2025 12:00,226.45
19/6/2025 12:15,233.8
19/6/2025 12:30,231.35
19/6/2025 12:45,224.35
19/6/2025 13:00,224
19/6/2025 13:15,219.8
19/6/2025 13:30,238
19/6/2025 13:45,235.2
19/6/2025 14:00,231.35
19/6/2025 14:15,227.15
19/6/2025 14:30,227.85
19/6/2025 14:45,227.15
19/6/2025 15:00,224
19/6/2025 15:15,218.4
19/6/2025 15:30,218.4
19/6/2025 15:45,219.45
19/6/2025 16:00,221.2
19/6/2025 16:15,221.2
19/6/2025 16:30,221.9
19/6/2025 16:45,213.15
19/6/2025 17:00,0
19/6/2025 17:15,0
19/6/2025 17:30,0
19/6/2025 17:45,0
19/6/2025 18:00,19.95
19/6/2025 18:15,133
19/6/2025 18:30,133
19/6/2025 18:45,73.15
19/6/2025 19:00,59.85
19/6/2025 19:15,46.55
19/6/2025 19:30,59.85
19/6/2025 19:45,59.85
19/6/2025 20:00,46.55
19/6/2025 20:15,46.55
19/6/2025 20:30,19.95
19/6/2025 20:45,46.55
19/6/2025 21:00,46.55
19/6/2025 21:15,19.95
19/6/2025 21:30,46.55
19/6/2025 21:45,19.95
19/6/2025 22:00,19.95
19/6/2025 22:15,46.55
19/6/2025 22:30,19.95
19/6/2025 22:45,19.95
19/6/2025 23:00,19.95
19/6/2025 23:15,19.95
19/6/2025 23:30,46.55
19/6/2025 23:45,46.55
20/6/2025 0:00,19.95
20/6/2025 0:15,19.95
20/6/2025 0:30,46.55
20/6/2025 0:45,19.95
20/6/2025 1:00,46.55
20/6/2025 1:15,46.55
20/6/2025 1:30,19.95
20/6/2025 1:45,46.55
20/6/2025 2:00,19.95
20/6/2025 2:15,19.95
20/6/2025 2:30,46.55
20/6/2025 2:45,19.95
20/6/2025 3:00,46.55
20/6/2025 3:15,0
20/6/2025 3:30,46.55
20/6/2025 3:45,19.95
20/6/2025 4:00,46.55
20/6/2025 4:15,19.95
20/6/2025 4:30,46.55
20/6/2025 4:45,46.55
20/6/2025 5:00,19.95
20/6/2025 5:15,0
20/6/2025 5:30,0
20/6/2025 5:45,0
20/6/2025 6:00,0
20/6/2025 6:15,0
20/6/2025 6:30,0
20/6/2025 6:45,0
20/6/2025 7:00,0
20/6/2025 7:15,243.6
20/6/2025 7:30,212.8
20/6/2025 7:45,208.25
20/6/2025 8:00,199.85
20/6/2025 8:15,216.65
20/6/2025 8:30,210.7
20/6/2025 8:45,207.55
20/6/2025 9:00,208.25
20/6/2025 9:15,207.55
20/6/2025 9:30,209.3
20/6/2025 9:45,211.05
20/6/2025 10:00,208.25
20/6/2025 10:15,208.25
20/6/2025 10:30,213.5
20/6/2025 10:45,220.15
20/6/2025 11:00,217
20/6/2025 11:15,216.65
20/6/2025 11:30,212.8
20/6/2025 11:45,219.1
20/6/2025 12:00,218.4
20/6/2025 12:15,226.45
20/6/2025 12:30,222.6
20/6/2025 12:45,218.05
20/6/2025 13:00,216.3
20/6/2025 13:15,225.05
20/6/2025 13:30,218.75
20/6/2025 13:45,218.4
20/6/2025 14:00,221.55
20/6/2025 14:15,221.55
20/6/2025 14:30,222.25
20/6/2025 14:45,225.4
20/6/2025 15:00,224.7
20/6/2025 15:15,218.05
20/6/2025 15:30,221.55
20/6/2025 15:45,229.6
20/6/2025 16:00,228.2
20/6/2025 16:15,227.85
20/6/2025 16:30,227.85
20/6/2025 16:45,214.2
20/6/2025 17:00,0
20/6/2025 17:15,0
20/6/2025 17:30,0
20/6/2025 17:45,0
20/6/2025 18:00,133
20/6/2025 18:15,126.35
20/6/2025 18:30,79.8
20/6/2025 18:45,66.5
20/6/2025 19:00,46.55
20/6/2025 19:15,59.85
20/6/2025 19:30,53.2
20/6/2025 19:45,46.55
20/6/2025 20:00,66.5
20/6/2025 20:15,46.55
20/6/2025 20:30,46.55
20/6/2025 20:45,46.55
20/6/2025 21:00,46.55
20/6/2025 21:15,46.55
20/6/2025 21:30,46.55
20/6/2025 21:45,19.95
20/6/2025 22:00,19.95
20/6/2025 22:15,19.95
20/6/2025 22:30,19.95
20/6/2025 22:45,46.55
20/6/2025 23:00,53.2
20/6/2025 23:15,19.95
20/6/2025 23:30,19.95
20/6/2025 23:45,46.55
21/6/2025 0:00,46.55
21/6/2025 0:15,46.55
21/6/2025 0:30,19.95
21/6/2025 0:45,19.95
21/6/2025 1:00,19.95
21/6/2025 1:15,19.95
21/6/2025 1:30,46.55
21/6/2025 1:45,19.95
21/6/2025 2:00,19.95
21/6/2025 2:15,46.55
21/6/2025 2:30,19.95
21/6/2025 2:45,19.95
21/6/2025 3:00,46.55
21/6/2025 3:15,19.95
21/6/2025 3:30,46.55
21/6/2025 3:45,19.95
21/6/2025 4:00,46.55
21/6/2025 4:15,19.95
21/6/2025 4:30,46.55
21/6/2025 4:45,46.55
21/6/2025 5:00,19.95
21/6/2025 5:15,0
21/6/2025 5:30,0
21/6/2025 5:45,0
21/6/2025 6:00,0
21/6/2025 6:15,0
21/6/2025 6:30,0
21/6/2025 6:45,0
21/6/2025 7:00,0
21/6/2025 7:15,0
21/6/2025 7:30,0
21/6/2025 7:45,0
21/6/2025 8:00,0
21/6/2025 8:15,0
21/6/2025 8:30,0
21/6/2025 8:45,0
21/6/2025 9:00,119.7
21/6/2025 9:15,59.85
21/6/2025 9:30,53.2
21/6/2025 9:45,46.55
21/6/2025 10:00,46.55
21/6/2025 10:15,46.55
21/6/2025 10:30,46.55
21/6/2025 10:45,19.95
21/6/2025 11:00,19.95
21/6/2025 11:15,46.55
21/6/2025 11:30,19.95
21/6/2025 11:45,19.95
21/6/2025 12:00,19.95
21/6/2025 12:15,46.55
21/6/2025 12:30,19.95
21/6/2025 12:45,46.55
21/6/2025 13:00,46.55
21/6/2025 13:15,46.55
21/6/2025 13:30,19.95
21/6/2025 13:45,46.55
21/6/2025 14:00,53.2
21/6/2025 14:15,19.95
21/6/2025 14:30,53.2
21/6/2025 14:45,53.2
21/6/2025 15:00,46.55
21/6/2025 15:15,46.55
21/6/2025 15:30,19.95
21/6/2025 15:45,46.55
21/6/2025 16:00,46.55
21/6/2025 16:15,19.95
21/6/2025 16:30,46.55
21/6/2025 16:45,46.55
21/6/2025 17:00,0
21/6/2025 17:15,0
21/6/2025 17:30,0
21/6/2025 17:45,0
21/6/2025 18:00,0
21/6/2025 18:15,59.85
21/6/2025 18:30,53.2
21/6/2025 18:45,53.2
21/6/2025 19:00,46.55
21/6/2025 19:15,53.2
21/6/2025 19:30,53.2
21/6/2025 19:45,19.95
21/6/2025 20:00,46.55
21/6/2025 20:15,19.95
21/6/2025 20:30,19.95
21/6/2025 20:45,19.95
21/6/2025 21:00,19.95
21/6/2025 21:15,19.95
21/6/2025 21:30,19.95
21/6/2025 21:45,46.55
21/6/2025 22:00,46.55
21/6/2025 22:15,46.55
21/6/2025 22:30,19.95
21/6/2025 22:45,19.95
21/6/2025 23:00,0
21/6/2025 23:15,19.95
21/6/2025 23:30,46.55
21/6/2025 23:45,19.95
22/6/2025 0:00,19.95
22/6/2025 0:15,19.95
22/6/2025 0:30,46.55
22/6/2025 0:45,46.55
22/6/2025 1:00,0
22/6/2025 1:15,46.55
22/6/2025 1:30,19.95
22/6/2025 1:45,46.55
22/6/2025 2:00,19.95
22/6/2025 2:15,19.95
22/6/2025 2:30,19.95
22/6/2025 2:45,46.55
22/6/2025 3:00,46.55
22/6/2025 3:15,19.95
22/6/2025 3:30,19.95
22/6/2025 3:45,19.95
22/6/2025 4:00,46.55
22/6/2025 4:15,19.95
22/6/2025 4:30,19.95
22/6/2025 4:45,46.55
22/6/2025 5:00,19.95
22/6/2025 5:15,0
22/6/2025 5:30,0
22/6/2025 5:45,0
22/6/2025 6:00,0
22/6/2025 6:15,0
22/6/2025 6:30,0
22/6/2025 6:45,0
22/6/2025 7:00,0
22/6/2025 7:15,0
22/6/2025 7:30,0
22/6/2025 7:45,0
22/6/2025 8:00,0
22/6/2025 8:15,0
22/6/2025 8:30,0
22/6/2025 8:45,0
22/6/2025 9:00,0
22/6/2025 9:15,93.1
22/6/2025 9:30,66.5
22/6/2025 9:45,53.2
22/6/2025 10:00,59.85
22/6/2025 10:15,53.2
22/6/2025 10:30,59.85
22/6/2025 10:45,59.85
22/6/2025 11:00,53.2
22/6/2025 11:15,53.2
22/6/2025 11:30,53.2
22/6/2025 11:45,53.2
22/6/2025 12:00,53.2
22/6/2025 12:15,53.2
22/6/2025 12:30,53.2
22/6/2025 12:45,46.55
22/6/2025 13:00,19.95
22/6/2025 13:15,53.2
22/6/2025 13:30,46.55
22/6/2025 13:45,19.95
22/6/2025 14:00,46.55
22/6/2025 14:15,46.55
22/6/2025 14:30,46.55
22/6/2025 14:45,46.55
22/6/2025 15:00,46.55
22/6/2025 15:15,19.95
22/6/2025 15:30,46.55
22/6/2025 15:45,46.55
22/6/2025 16:00,46.55
22/6/2025 16:15,19.95
22/6/2025 16:30,53.2
22/6/2025 16:45,19.95
22/6/2025 17:00,0
22/6/2025 17:15,0
22/6/2025 17:30,0
22/6/2025 17:45,0
22/6/2025 18:00,0
22/6/2025 18:15,66.5
22/6/2025 18:30,53.2
22/6/2025 18:45,53.2
22/6/2025 19:00,19.95
22/6/2025 19:15,46.55
22/6/2025 19:30,19.95
22/6/2025 19:45,46.55
22/6/2025 20:00,46.55
22/6/2025 20:15,19.95
22/6/2025 20:30,46.55
22/6/2025 20:45,19.95
22/6/2025 21:00,19.95
22/6/2025 21:15,19.95
22/6/2025 21:30,46.55
22/6/2025 21:45,19.95
22/6/2025 22:00,19.95
22/6/2025 22:15,46.55
22/6/2025 22:30,19.95
22/6/2025 22:45,19.95
22/6/2025 23:00,19.95
22/6/2025 23:15,46.55
22/6/2025 23:30,19.95
22/6/2025 23:45,19.95
23/6/2025 0:00,46.55
23/6/2025 0:15,19.95
23/6/2025 0:30,19.95
23/6/2025 0:45,19.95
23/6/2025 1:00,46.55
23/6/2025 1:15,19.95
23/6/2025 1:30,46.55
23/6/2025 1:45,19.95
23/6/2025 2:00,19.95
23/6/2025 2:15,46.55
23/6/2025 2:30,19.95
23/6/2025 2:45,46.55
23/6/2025 3:00,19.95
23/6/2025 3:15,46.55
23/6/2025 3:30,19.95
23/6/2025 3:45,19.95
23/6/2025 4:00,46.55
23/6/2025 4:15,46.55
23/6/2025 4:30,0
23/6/2025 4:45,46.55
23/6/2025 5:00,19.95
23/6/2025 5:15,0
23/6/2025 5:30,0
23/6/2025 5:45,0
23/6/2025 6:00,0
23/6/2025 6:15,0
23/6/2025 6:30,0
23/6/2025 6:45,219.45
23/6/2025 7:00,192.15
23/6/2025 7:15,214.55
23/6/2025 7:30,205.1
23/6/2025 7:45,196.7
23/6/2025 8:00,202.3
23/6/2025 8:15,219.8
23/6/2025 8:30,219.45
23/6/2025 8:45,229.25
23/6/2025 9:00,227.15
23/6/2025 9:15,231.35
23/6/2025 9:30,220.85
23/6/2025 9:45,227.5
23/6/2025 10:00,230.3
23/6/2025 10:15,227.85
23/6/2025 10:30,226.1
23/6/2025 10:45,229.25
23/6/2025 11:00,229.25
23/6/2025 11:15,227.5
23/6/2025 11:30,230.3
23/6/2025 11:45,229.95
23/6/2025 12:00,228.9
23/6/2025 12:15,234.85
23/6/2025 12:30,232.05
23/6/2025 12:45,231
23/6/2025 13:00,232.05
23/6/2025 13:15,240.1
23/6/2025 13:30,243.95
23/6/2025 13:45,242.2
23/6/2025 14:00,241.5
23/6/2025 14:15,240.8
23/6/2025 14:30,241.5
23/6/2025 14:45,240.8
23/6/2025 15:00,244.3
23/6/2025 15:15,239.75
23/6/2025 15:30,233.45
23/6/2025 15:45,240.45
23/6/2025 16:00,239.75
23/6/2025 16:15,238
23/6/2025 16:30,233.8
23/6/2025 16:45,224
23/6/2025 17:00,0
23/6/2025 17:15,0
23/6/2025 17:30,0
23/6/2025 17:45,0
23/6/2025 18:00,19.95
23/6/2025 18:15,133
23/6/2025 18:30,133
23/6/2025 18:45,79.8
23/6/2025 19:00,53.2
23/6/2025 19:15,59.85
23/6/2025 19:30,53.2
23/6/2025 19:45,53.2
23/6/2025 20:00,59.85
23/6/2025 20:15,46.55
23/6/2025 20:30,19.95
23/6/2025 20:45,19.95
23/6/2025 21:00,19.95
23/6/2025 21:15,46.55
23/6/2025 21:30,19.95
23/6/2025 21:45,46.55
23/6/2025 22:00,19.95
23/6/2025 22:15,19.95
23/6/2025 22:30,19.95
23/6/2025 22:45,19.95
23/6/2025 23:00,46.55
23/6/2025 23:15,19.95
23/6/2025 23:30,19.95
23/6/2025 23:45,19.95
24/6/2025 0:00,19.95
24/6/2025 0:15,46.55
24/6/2025 0:30,46.55
24/6/2025 0:45,19.95
24/6/2025 1:00,53.2
24/6/2025 1:15,19.95
24/6/2025 1:30,19.95
24/6/2025 1:45,46.55
24/6/2025 2:00,0
24/6/2025 2:15,46.55
24/6/2025 2:30,46.55
24/6/2025 2:45,46.55
24/6/2025 3:00,19.95
24/6/2025 3:15,46.55
24/6/2025 3:30,19.95
24/6/2025 3:45,19.95
24/6/2025 4:00,46.55
24/6/2025 4:15,19.95
24/6/2025 4:30,19.95
24/6/2025 4:45,19.95
24/6/2025 5:00,19.95
24/6/2025 5:15,0
24/6/2025 5:30,0
24/6/2025 5:45,0
24/6/2025 6:00,0
24/6/2025 6:15,0
24/6/2025 6:30,0
24/6/2025 6:45,0
24/6/2025 7:00,0
24/6/2025 7:15,301.7
24/6/2025 7:30,215.6
24/6/2025 7:45,206.85
24/6/2025 8:00,204.4
24/6/2025 8:15,234.15
24/6/2025 8:30,237.3
24/6/2025 8:45,232.75
24/6/2025 9:00,232.75
24/6/2025 9:15,233.1
24/6/2025 9:30,234.5
24/6/2025 9:45,234.5
24/6/2025 10:00,235.55
24/6/2025 10:15,236.6
24/6/2025 10:30,237.65
24/6/2025 10:45,241.85
24/6/2025 11:00,239.4
24/6/2025 11:15,240.45
24/6/2025 11:30,240.1
24/6/2025 11:45,239.05
24/6/2025 12:00,234.15
24/6/2025 12:15,244.3
24/6/2025 12:30,237.3
24/6/2025 12:45,239.05
24/6/2025 13:00,241.15
24/6/2025 13:15,242.55
24/6/2025 13:30,241.85
24/6/2025 13:45,241.15
24/6/2025 14:00,241.5
24/6/2025 14:15,247.45
24/6/2025 14:30,246.05
24/6/2025 14:45,245.7
24/6/2025 15:00,245.7
24/6/2025 15:15,239.4
24/6/2025 15:30,233.45
24/6/2025 15:45,242.2
24/6/2025 16:00,242.9
24/6/2025 16:15,241.5
24/6/2025 16:30,243.25
24/6/2025 16:45,243.6
24/6/2025 17:00,0
24/6/2025 17:15,0
24/6/2025 17:30,0
24/6/2025 17:45,0
24/6/2025 18:00,19.95
24/6/2025 18:15,133
24/6/2025 18:30,133
24/6/2025 18:45,133
24/6/2025 19:00,106.4
24/6/2025 19:15,86.45
24/6/2025 19:30,79.8
24/6/2025 19:45,73.15
24/6/2025 20:00,79.8
24/6/2025 20:15,66.5
24/6/2025 20:30,66.5
24/6/2025 20:45,59.85
24/6/2025 21:00,53.2
24/6/2025 21:15,59.85
24/6/2025 21:30,59.85
24/6/2025 21:45,53.2
24/6/2025 22:00,59.85
24/6/2025 22:15,53.2
24/6/2025 22:30,59.85
24/6/2025 22:45,59.85
24/6/2025 23:00,59.85
24/6/2025 23:15,53.2
24/6/2025 23:30,59.85
24/6/2025 23:45,53.2
25/6/2025 0:00,59.85
25/6/2025 0:15,53.2
25/6/2025 0:30,53.2
25/6/2025 0:45,59.85
25/6/2025 1:00,46.55
25/6/2025 1:15,53.2
25/6/2025 1:30,53.2
25/6/2025 1:45,59.85
25/6/2025 2:00,59.85
25/6/2025 2:15,53.2
25/6/2025 2:30,53.2
25/6/2025 2:45,46.55
25/6/2025 3:00,53.2
25/6/2025 3:15,53.2
25/6/2025 3:30,46.55
25/6/2025 3:45,19.95
25/6/2025 4:00,19.95
25/6/2025 4:15,46.55
25/6/2025 4:30,46.55
25/6/2025 4:45,19.95
25/6/2025 5:00,19.95
25/6/2025 5:15,0
25/6/2025 5:30,0
25/6/2025 5:45,0
25/6/2025 6:00,0
25/6/2025 6:15,0
25/6/2025 6:30,0
25/6/2025 6:45,0
25/6/2025 7:00,0
25/6/2025 7:15,291.2
25/6/2025 7:30,218.75
25/6/2025 7:45,214.55
25/6/2025 8:00,200.9
25/6/2025 8:15,217
25/6/2025 8:30,233.1
25/6/2025 8:45,220.15
25/6/2025 9:00,224.35
25/6/2025 9:15,215.95
25/6/2025 9:30,219.1
25/6/2025 9:45,219.8
25/6/2025 10:00,218.75
25/6/2025 10:15,219.45
25/6/2025 10:30,219.8
25/6/2025 10:45,217.35
25/6/2025 11:00,222.95
25/6/2025 11:15,223.3
25/6/2025 11:30,226.1
25/6/2025 11:45,227.5
25/6/2025 12:00,228.55
25/6/2025 12:15,238
25/6/2025 12:30,234.5
25/6/2025 12:45,233.8
25/6/2025 13:00,232.4
25/6/2025 13:15,233.45
25/6/2025 13:30,233.1
25/6/2025 13:45,232.4
25/6/2025 14:00,235.2
25/6/2025 14:15,235.2
25/6/2025 14:30,235.2
25/6/2025 14:45,233.8
25/6/2025 15:00,234.5
25/6/2025 15:15,221.2
25/6/2025 15:30,217.7
25/6/2025 15:45,228.9
25/6/2025 16:00,229.25
25/6/2025 16:15,229.6
25/6/2025 16:30,230.65
25/6/2025 16:45,222.95
25/6/2025 17:00,217
25/6/2025 17:15,184.1
25/6/2025 17:30,0
25/6/2025 17:45,0
25/6/2025 18:00,0
25/6/2025 18:15,19.95
25/6/2025 18:30,133
25/6/2025 18:45,106.4
25/6/2025 19:00,66.5
25/6/2025 19:15,73.15
25/6/2025 19:30,53.2
25/6/2025 19:45,53.2
25/6/2025 20:00,59.85
25/6/2025 20:15,46.55
25/6/2025 20:30,46.55
25/6/2025 20:45,19.95
25/6/2025 21:00,46.55
25/6/2025 21:15,46.55
25/6/2025 21:30,19.95
25/6/2025 21:45,53.2
25/6/2025 22:00,19.95
25/6/2025 22:15,46.55
25/6/2025 22:30,46.55
25/6/2025 22:45,19.95
25/6/2025 23:00,46.55
25/6/2025 23:15,19.95
25/6/2025 23:30,19.95
25/6/2025 23:45,53.2
26/6/2025 0:00,46.55
26/6/2025 0:15,19.95
26/6/2025 0:30,53.2
26/6/2025 0:45,19.95
26/6/2025 1:00,46.55
26/6/2025 1:15,19.95
26/6/2025 1:30,46.55
26/6/2025 1:45,19.95
26/6/2025 2:00,19.95
26/6/2025 2:15,46.55
26/6/2025 2:30,46.55
26/6/2025 2:45,0
26/6/2025 3:00,19.95
26/6/2025 3:15,46.55
26/6/2025 3:30,19.95
26/6/2025 3:45,19.95
26/6/2025 4:00,19.95
26/6/2025 4:15,19.95
26/6/2025 4:30,46.55
26/6/2025 4:45,19.95
26/6/2025 5:00,66.5
26/6/2025 5:15,59.85
26/6/2025 5:30,46.55
26/6/2025 5:45,53.2
26/6/2025 6:00,46.55
26/6/2025 6:15,46.55
26/6/2025 6:30,46.55
26/6/2025 6:45,0
26/6/2025 7:00,0
26/6/2025 7:15,225.05
26/6/2025 7:30,200.2
26/6/2025 7:45,198.1
26/6/2025 8:00,192.85
26/6/2025 8:15,210.35
26/6/2025 8:30,212.1
26/6/2025 8:45,224.7
26/6/2025 9:00,214.55
26/6/2025 9:15,219.1
26/6/2025 9:30,216.65
26/6/2025 9:45,214.9
26/6/2025 10:00,215.6
26/6/2025 10:15,217.35
26/6/2025 10:30,216.65
26/6/2025 10:45,216.65
26/6/2025 11:00,216.65
26/6/2025 11:15,215.25
26/6/2025 11:30,216.65
26/6/2025 11:45,229.25
26/6/2025 12:00,221.55
26/6/2025 12:15,235.55
26/6/2025 12:30,234.85
26/6/2025 12:45,233.8
26/6/2025 13:00,234.85
26/6/2025 13:15,235.2
26/6/2025 13:30,234.5
26/6/2025 13:45,233.1
26/6/2025 14:00,231
26/6/2025 14:15,233.45
26/6/2025 14:30,235.2
26/6/2025 14:45,233.8
26/6/2025 15:00,235.2
26/6/2025 15:15,227.5
26/6/2025 15:30,226.1
26/6/2025 15:45,234.15
26/6/2025 16:00,228.2
26/6/2025 16:15,220.5
26/6/2025 16:30,221.9
26/6/2025 16:45,209.3
26/6/2025 17:00,0
26/6/2025 17:15,0
26/6/2025 17:30,0
26/6/2025 17:45,0
26/6/2025 18:00,126.35
26/6/2025 18:15,126.35
26/6/2025 18:30,79.8
26/6/2025 18:45,53.2
26/6/2025 19:00,59.85
26/6/2025 19:15,59.85
26/6/2025 19:30,59.85
26/6/2025 19:45,53.2
26/6/2025 20:00,66.5
26/6/2025 20:15,53.2
26/6/2025 20:30,46.55
26/6/2025 20:45,19.95
26/6/2025 21:00,19.95
26/6/2025 21:15,19.95
26/6/2025 21:30,19.95
26/6/2025 21:45,19.95
26/6/2025 22:00,19.95
26/6/2025 22:15,19.95
26/6/2025 22:30,46.55
26/6/2025 22:45,46.55
26/6/2025 23:00,46.55
26/6/2025 23:15,19.95
26/6/2025 23:30,19.95
26/6/2025 23:45,19.95
27/6/2025 0:00,19.95
27/6/2025 0:15,19.95
27/6/2025 0:30,19.95
27/6/2025 0:45,46.55
27/6/2025 1:00,46.55
27/6/2025 1:15,53.2
27/6/2025 1:30,19.95
27/6/2025 1:45,19.95
27/6/2025 2:00,46.55
27/6/2025 2:15,46.55
27/6/2025 2:30,19.95
27/6/2025 2:45,46.55
27/6/2025 3:00,19.95
27/6/2025 3:15,19.95
27/6/2025 3:30,46.55
27/6/2025 3:45,19.95
27/6/2025 4:00,19.95
27/6/2025 4:15,19.95
27/6/2025 4:30,53.2
27/6/2025 4:45,19.95
27/6/2025 5:00,19.95
27/6/2025 5:15,0
27/6/2025 5:30,0
27/6/2025 5:45,0
27/6/2025 6:00,0
27/6/2025 6:15,0
27/6/2025 6:30,0
27/6/2025 6:45,0
27/6/2025 7:00,0
27/6/2025 7:15,233.45
27/6/2025 7:30,203.7
27/6/2025 7:45,192.15
27/6/2025 8:00,196.7
27/6/2025 8:15,210.7
27/6/2025 8:30,210.7
27/6/2025 8:45,192.85
27/6/2025 9:00,202.65
27/6/2025 9:15,197.05
27/6/2025 9:30,196.7
27/6/2025 9:45,203
27/6/2025 10:00,185.5
27/6/2025 10:15,203.35
27/6/2025 10:30,197.75
27/6/2025 10:45,199.5
27/6/2025 11:00,197.75
27/6/2025 11:15,199.85
27/6/2025 11:30,201.95
27/6/2025 11:45,200.2
27/6/2025 12:00,198.45
27/6/2025 12:15,213.15
27/6/2025 12:30,210.7
27/6/2025 12:45,215.95
27/6/2025 13:00,211.4
27/6/2025 13:15,217
27/6/2025 13:30,217.7
27/6/2025 13:45,224
27/6/2025 14:00,215.95
27/6/2025 14:15,213.5
27/6/2025 14:30,213.5
27/6/2025 14:45,214.55
27/6/2025 15:00,222.25
27/6/2025 15:15,204.05
27/6/2025 15:30,191.8
27/6/2025 15:45,212.45
27/6/2025 16:00,212.1
27/6/2025 16:15,213.15
27/6/2025 16:30,204.4
27/6/2025 16:45,205.8
27/6/2025 17:00,0
27/6/2025 17:15,0
27/6/2025 17:30,0
27/6/2025 17:45,0
27/6/2025 18:00,19.95
27/6/2025 18:15,133
27/6/2025 18:30,79.8
27/6/2025 18:45,53.2
27/6/2025 19:00,59.85
27/6/2025 19:15,53.2
27/6/2025 19:30,59.85
27/6/2025 19:45,53.2
27/6/2025 20:00,46.55
27/6/2025 20:15,46.55
27/6/2025 20:30,19.95
27/6/2025 20:45,19.95
27/6/2025 21:00,19.95
27/6/2025 21:15,46.55
27/6/2025 21:30,19.95
27/6/2025 21:45,19.95
27/6/2025 22:00,19.95
27/6/2025 22:15,46.55
27/6/2025 22:30,46.55
27/6/2025 22:45,46.55
27/6/2025 23:00,46.55
27/6/2025 23:15,19.95
27/6/2025 23:30,19.95
27/6/2025 23:45,46.55
28/6/2025 0:00,19.95
28/6/2025 0:15,19.95
28/6/2025 0:30,46.55
28/6/2025 0:45,46.55
28/6/2025 1:00,46.55
28/6/2025 1:15,19.95
28/6/2025 1:30,19.95
28/6/2025 1:45,19.95
28/6/2025 2:00,19.95
28/6/2025 2:15,46.55
28/6/2025 2:30,46.55
28/6/2025 2:45,46.55
28/6/2025 3:00,46.55
28/6/2025 3:15,46.55
28/6/2025 3:30,19.95
28/6/2025 3:45,46.55
28/6/2025 4:00,46.55
28/6/2025 4:15,19.95
28/6/2025 4:30,19.95
28/6/2025 4:45,46.55
28/6/2025 5:00,19.95
28/6/2025 5:15,0
28/6/2025 5:30,0
28/6/2025 5:45,0
28/6/2025 6:00,0
28/6/2025 6:15,0
28/6/2025 6:30,0
28/6/2025 6:45,0
28/6/2025 7:00,0
28/6/2025 7:15,0
28/6/2025 7:30,0
28/6/2025 7:45,0
28/6/2025 8:00,0
28/6/2025 8:15,0
28/6/2025 8:30,0
28/6/2025 8:45,0
28/6/2025 9:00,66.5
28/6/2025 9:15,86.45
28/6/2025 9:30,59.85
28/6/2025 9:45,53.2
28/6/2025 10:00,19.95
28/6/2025 10:15,19.95
28/6/2025 10:30,46.55
28/6/2025 10:45,46.55
28/6/2025 11:00,46.55
28/6/2025 11:15,53.2
28/6/2025 11:30,46.55
28/6/2025 11:45,46.55
28/6/2025 12:00,19.95
28/6/2025 12:15,46.55
28/6/2025 12:30,46.55
28/6/2025 12:45,46.55
28/6/2025 13:00,19.95
28/6/2025 13:15,46.55
28/6/2025 13:30,19.95
28/6/2025 13:45,19.95
28/6/2025 14:00,19.95
28/6/2025 14:15,19.95
28/6/2025 14:30,53.2
28/6/2025 14:45,46.55
28/6/2025 15:00,46.55
28/6/2025 15:15,46.55
28/6/2025 15:30,46.55
28/6/2025 15:45,46.55
28/6/2025 16:00,53.2
28/6/2025 16:15,53.2
28/6/2025 16:30,46.55
28/6/2025 16:45,53.2
28/6/2025 17:00,0
28/6/2025 17:15,0
28/6/2025 17:30,0
28/6/2025 17:45,0
28/6/2025 18:00,53.2
28/6/2025 18:15,59.85
28/6/2025 18:30,53.2
28/6/2025 18:45,53.2
28/6/2025 19:00,53.2
28/6/2025 19:15,19.95
28/6/2025 19:30,19.95
28/6/2025 19:45,46.55
28/6/2025 20:00,46.55
28/6/2025 20:15,19.95
28/6/2025 20:30,19.95
28/6/2025 20:45,19.95
28/6/2025 21:00,19.95
28/6/2025 21:15,19.95
28/6/2025 21:30,46.55
28/6/2025 21:45,19.95
28/6/2025 22:00,46.55
28/6/2025 22:15,53.2
28/6/2025 22:30,19.95
28/6/2025 22:45,19.95
28/6/2025 23:00,19.95
28/6/2025 23:15,46.55
28/6/2025 23:30,46.55
28/6/2025 23:45,53.2
29/6/2025 0:00,19.95
29/6/2025 0:15,46.55
29/6/2025 0:30,46.55
29/6/2025 0:45,46.55
29/6/2025 1:00,19.95
29/6/2025 1:15,53.2
29/6/2025 1:30,19.95
29/6/2025 1:45,19.95
29/6/2025 2:00,19.95
29/6/2025 2:15,19.95
29/6/2025 2:30,46.55
29/6/2025 2:45,19.95
29/6/2025 3:00,46.55
29/6/2025 3:15,46.55
29/6/2025 3:30,19.95
29/6/2025 3:45,46.55
29/6/2025 4:00,19.95
29/6/2025 4:15,46.55
29/6/2025 4:30,19.95
29/6/2025 4:45,46.55
29/6/2025 5:00,19.95
29/6/2025 5:15,0
29/6/2025 5:30,0
29/6/2025 5:45,0
29/6/2025 6:00,0
29/6/2025 6:15,0
29/6/2025 6:30,0
29/6/2025 6:45,0
29/6/2025 7:00,0
29/6/2025 7:15,0
29/6/2025 7:30,0
29/6/2025 7:45,0
29/6/2025 8:00,0
29/6/2025 8:15,0
29/6/2025 8:30,0
29/6/2025 8:45,0
29/6/2025 9:00,19.95
29/6/2025 9:15,73.15
29/6/2025 9:30,59.85
29/6/2025 9:45,53.2
29/6/2025 10:00,46.55
29/6/2025 10:15,46.55
29/6/2025 10:30,46.55
29/6/2025 10:45,46.55
29/6/2025 11:00,46.55
29/6/2025 11:15,46.55
29/6/2025 11:30,19.95
29/6/2025 11:45,46.55
29/6/2025 12:00,19.95
29/6/2025 12:15,46.55
29/6/2025 12:30,19.95
29/6/2025 12:45,46.55
29/6/2025 13:00,46.55
29/6/2025 13:15,19.95
29/6/2025 13:30,46.55
29/6/2025 13:45,19.95
29/6/2025 14:00,19.95
29/6/2025 14:15,19.95
29/6/2025 14:30,46.55
29/6/2025 14:45,19.95
29/6/2025 15:00,19.95
29/6/2025 15:15,19.95
29/6/2025 15:30,53.2
29/6/2025 15:45,46.55
29/6/2025 16:00,46.55
29/6/2025 16:15,46.55
29/6/2025 16:30,46.55
29/6/2025 16:45,53.2
29/6/2025 17:00,0
29/6/2025 17:15,0
29/6/2025 17:30,0
29/6/2025 17:45,0
29/6/2025 18:00,66.5
29/6/2025 18:15,53.2
29/6/2025 18:30,46.55
29/6/2025 18:45,46.55
29/6/2025 19:00,19.95
29/6/2025 19:15,19.95
29/6/2025 19:30,19.95
29/6/2025 19:45,19.95
29/6/2025 20:00,19.95
29/6/2025 20:15,46.55
29/6/2025 20:30,19.95
29/6/2025 20:45,19.95
29/6/2025 21:00,19.95
29/6/2025 21:15,19.95
29/6/2025 21:30,46.55
29/6/2025 21:45,19.95
29/6/2025 22:00,19.95
29/6/2025 22:15,53.2
29/6/2025 22:30,19.95
29/6/2025 22:45,19.95
29/6/2025 23:00,19.95
29/6/2025 23:15,19.95
29/6/2025 23:30,19.95
29/6/2025 23:45,19.95
30/6/2025 0:00,46.55
30/6/2025 0:15,46.55
30/6/2025 0:30,19.95
30/6/2025 0:45,19.95
30/6/2025 1:00,46.55
30/6/2025 1:15,19.95
30/6/2025 1:30,46.55
30/6/2025 1:45,46.55
30/6/2025 2:00,46.55
30/6/2025 2:15,46.55
30/6/2025 2:30,19.95
30/6/2025 2:45,46.55
30/6/2025 3:00,19.95
30/6/2025 3:15,19.95
30/6/2025 3:30,46.55
30/6/2025 3:45,46.55
30/6/2025 4:00,19.95
30/6/2025 4:15,46.55
30/6/2025 4:30,46.55
30/6/2025 4:45,19.95
30/6/2025 5:00,0
30/6/2025 5:15,0
30/6/2025 5:30,0
30/6/2025 5:45,0
30/6/2025 6:00,0
30/6/2025 6:15,0
30/6/2025 6:30,0
30/6/2025 6:45,256.2
30/6/2025 7:00,206.5
30/6/2025 7:15,235.2
30/6/2025 7:30,213.15
30/6/2025 7:45,203
30/6/2025 8:00,206.5
30/6/2025 8:15,200.2
30/6/2025 8:30,227.85
30/6/2025 8:45,222.95
30/6/2025 9:00,222.6
30/6/2025 9:15,213.5
30/6/2025 9:30,220.15
30/6/2025 9:45,226.8
30/6/2025 10:00,225.4
30/6/2025 10:15,223.3
30/6/2025 10:30,211.4
30/6/2025 10:45,212.45
30/6/2025 11:00,216.65
30/6/2025 11:15,216.65
30/6/2025 11:30,216.65
30/6/2025 11:45,223.65
30/6/2025 12:00,220.15
30/6/2025 12:15,239.4
30/6/2025 12:30,238
30/6/2025 12:45,228.2
30/6/2025 13:00,220.15
30/6/2025 13:15,222.25
30/6/2025 13:30,218.05
30/6/2025 13:45,212.45
30/6/2025 14:00,211.4
30/6/2025 14:15,211.75
30/6/2025 14:30,212.1
30/6/2025 14:45,211.05
30/6/2025 15:00,210
30/6/2025 15:15,203.35
30/6/2025 15:30,202.3
30/6/2025 15:45,224.35
30/6/2025 16:00,217.7
30/6/2025 16:15,213.5
30/6/2025 16:30,204.05
30/6/2025 16:45,199.85
30/6/2025 17:00,0
30/6/2025 17:15,0
30/6/2025 17:30,0
30/6/2025 17:45,0
30/6/2025 18:00,0
30/6/2025 18:15,133
30/6/2025 18:30,113.05
30/6/2025 18:45,59.85
30/6/2025 19:00,53.2
30/6/2025 19:15,59.85
30/6/2025 19:30,46.55
30/6/2025 19:45,19.95
30/6/2025 20:00,19.95
30/6/2025 20:15,19.95
30/6/2025 20:30,19.95
30/6/2025 20:45,19.95
30/6/2025 21:00,19.95
30/6/2025 21:15,19.95
30/6/2025 21:30,46.55
30/6/2025 21:45,19.95
30/6/2025 22:00,19.95
30/6/2025 22:15,46.55
30/6/2025 22:30,46.55
30/6/2025 22:45,46.55
30/6/2025 23:00,46.55
30/6/2025 23:15,19.95
30/6/2025 23:30,46.55
30/6/2025 23:45,19.95
1/7/2025 0:00,0
1/7/2025 0:15,0
1/7/2025 0:30,0
1/7/2025 0:45,0
1/7/2025 1:00,0
1/7/2025 1:15,0
1/7/2025 1:30,0
1/7/2025 1:45,0
1/7/2025 2:00,0
1/7/2025 2:15,0
1/7/2025 2:30,0
1/7/2025 2:45,0
1/7/2025 3:00,0
1/7/2025 3:15,0
1/7/2025 3:30,0
1/7/2025 3:45,0
1/7/2025 4:00,0
1/7/2025 4:15,0
1/7/2025 4:30,0
1/7/2025 4:45,0
1/7/2025 5:00,0
1/7/2025 5:15,0
1/7/2025 5:30,0
1/7/2025 5:45,0
1/7/2025 6:00,0
1/7/2025 6:15,0
1/7/2025 6:30,0
1/7/2025 6:45,0
1/7/2025 7:00,0
1/7/2025 7:15,285.6
1/7/2025 7:30,203
1/7/2025 7:45,187.25
1/7/2025 8:00,185.15
1/7/2025 8:15,194.6
1/7/2025 8:30,199.5
1/7/2025 8:45,187.95
1/7/2025 9:00,195.65
1/7/2025 9:15,192.5
1/7/2025 9:30,197.4
1/7/2025 9:45,193.9
1/7/2025 10:00,200.2
1/7/2025 10:15,191.1
1/7/2025 10:30,194.25
1/7/2025 10:45,196
1/7/2025 11:00,193.9
1/7/2025 11:15,191.8
1/7/2025 11:30,203.35
1/7/2025 11:45,198.8
1/7/2025 12:00,193.55
1/7/2025 12:15,212.45
1/7/2025 12:30,213.85
1/7/2025 12:45,208.95
1/7/2025 13:00,210.35
1/7/2025 13:15,205.45
1/7/2025 13:30,211.05
1/7/2025 13:45,211.05
1/7/2025 14:00,207.9
1/7/2025 14:15,207.55
1/7/2025 14:30,210.7
1/7/2025 14:45,212.45
1/7/2025 15:00,224
1/7/2025 15:15,203.7
1/7/2025 15:30,210
1/7/2025 15:45,222.95
1/7/2025 16:00,213.5
1/7/2025 16:15,214.2
1/7/2025 16:30,201.25
1/7/2025 16:45,189.35
1/7/2025 17:00,0
1/7/2025 17:15,0
1/7/2025 17:30,0
1/7/2025 17:45,0
1/7/2025 18:00,0
1/7/2025 18:15,0
1/7/2025 18:30,0
1/7/2025 18:45,0
1/7/2025 19:00,0
1/7/2025 19:15,0
1/7/2025 19:30,0
1/7/2025 19:45,0
1/7/2025 20:00,0
1/7/2025 20:15,0
1/7/2025 20:30,0
1/7/2025 20:45,0
1/7/2025 21:00,0
1/7/2025 21:15,0
1/7/2025 21:30,0
1/7/2025 21:45,0
1/7/2025 22:00,0
1/7/2025 22:15,0
1/7/2025 22:30,0
1/7/2025 22:45,0
1/7/2025 23:00,0
1/7/2025 23:15,0
1/7/2025 23:30,0
1/7/2025 23:45,0
2/7/2025 0:00,0
2/7/2025 0:15,0
2/7/2025 0:30,0
2/7/2025 0:45,0
2/7/2025 1:00,0
2/7/2025 1:15,0
2/7/2025 1:30,0
2/7/2025 1:45,0
2/7/2025 2:00,0
2/7/2025 2:15,0
2/7/2025 2:30,0
2/7/2025 2:45,0
2/7/2025 3:00,0
2/7/2025 3:15,0
2/7/2025 3:30,0
2/7/2025 3:45,0
2/7/2025 4:00,0
2/7/2025 4:15,0
2/7/2025 4:30,0
2/7/2025 4:45,0
2/7/2025 5:00,0
2/7/2025 5:15,0
2/7/2025 5:30,0
2/7/2025 5:45,0
2/7/2025 6:00,0
2/7/2025 6:15,0
2/7/2025 6:30,0
2/7/2025 6:45,0
2/7/2025 7:00,0
2/7/2025 7:15,226.1
2/7/2025 7:30,194.6
2/7/2025 7:45,185.5
2/7/2025 8:00,184.1
2/7/2025 8:15,181.3
2/7/2025 8:30,184.8
2/7/2025 8:45,196.7
2/7/2025 9:00,191.45
2/7/2025 9:15,196.7
2/7/2025 9:30,197.4
2/7/2025 9:45,206.5
2/7/2025 10:00,200.2
2/7/2025 10:15,214.9
2/7/2025 10:30,205.1
2/7/2025 10:45,210
2/7/2025 11:00,213.5
2/7/2025 11:15,206.85
2/7/2025 11:30,206.5
2/7/2025 11:45,207.55
2/7/2025 12:00,198.8
2/7/2025 12:15,221.2
2/7/2025 12:30,224.7
2/7/2025 12:45,208.25
2/7/2025 13:00,213.15
2/7/2025 13:15,200.2
2/7/2025 13:30,224.35
2/7/2025 13:45,208.25
2/7/2025 14:00,209.65
2/7/2025 14:15,201.6
2/7/2025 14:30,208.6
2/7/2025 14:45,222.95
2/7/2025 15:00,213.5
2/7/2025 15:15,203.35
2/7/2025 15:30,197.05
2/7/2025 15:45,222.6
2/7/2025 16:00,214.9
2/7/2025 16:15,205.8
2/7/2025 16:30,198.1
2/7/2025 16:45,179.9
2/7/2025 17:00,0
2/7/2025 17:15,0
2/7/2025 17:30,0
2/7/2025 17:45,0
2/7/2025 18:00,0
2/7/2025 18:15,0
2/7/2025 18:30,0
2/7/2025 18:45,0
2/7/2025 19:00,0
2/7/2025 19:15,0
2/7/2025 19:30,0
2/7/2025 19:45,0
2/7/2025 20:00,0
2/7/2025 20:15,0
2/7/2025 20:30,0
2/7/2025 20:45,0
2/7/2025 21:00,0
2/7/2025 21:15,0
2/7/2025 21:30,0
2/7/2025 21:45,0
2/7/2025 22:00,0
2/7/2025 22:15,0
2/7/2025 22:30,0
2/7/2025 22:45,0
2/7/2025 23:00,0
2/7/2025 23:15,0
2/7/2025 23:30,0
2/7/2025 23:45,0
3/7/2025 0:00,0
3/7/2025 0:15,0
3/7/2025 0:30,0
3/7/2025 0:45,0
3/7/2025 1:00,0
3/7/2025 1:15,0
3/7/2025 1:30,0
3/7/2025 1:45,0
3/7/2025 2:00,0
3/7/2025 2:15,0
3/7/2025 2:30,0
3/7/2025 2:45,0
3/7/2025 3:00,0
3/7/2025 3:15,0
3/7/2025 3:30,0
3/7/2025 3:45,0
3/7/2025 4:00,0
3/7/2025 4:15,0
3/7/2025 4:30,0
3/7/2025 4:45,0
3/7/2025 5:00,0
3/7/2025 5:15,0
3/7/2025 5:30,0
3/7/2025 5:45,0
3/7/2025 6:00,0
3/7/2025 6:15,0
3/7/2025 6:30,0
3/7/2025 6:45,0
3/7/2025 7:00,0
3/7/2025 7:15,280
3/7/2025 7:30,203
3/7/2025 7:45,185.5
3/7/2025 8:00,182
3/7/2025 8:15,210
3/7/2025 8:30,193.55
3/7/2025 8:45,189.7
3/7/2025 9:00,197.05
3/7/2025 9:15,198.45
3/7/2025 9:30,196
3/7/2025 9:45,189.7
3/7/2025 10:00,190.75
3/7/2025 10:15,194.25
3/7/2025 10:30,192.5
3/7/2025 10:45,183.05
3/7/2025 11:00,187.95
3/7/2025 11:15,198.8
3/7/2025 11:30,191.1
3/7/2025 11:45,195.65
3/7/2025 12:00,199.15
3/7/2025 12:15,208.25
3/7/2025 12:30,204.75
3/7/2025 12:45,209.3
3/7/2025 13:00,203.7
3/7/2025 13:15,208.25
3/7/2025 13:30,207.9
3/7/2025 13:45,203.35
3/7/2025 14:00,196.7
3/7/2025 14:15,204.4
3/7/2025 14:30,206.15
3/7/2025 14:45,195.65
3/7/2025 15:00,195.65
3/7/2025 15:15,191.1
3/7/2025 15:30,186.9
3/7/2025 15:45,203.7
3/7/2025 16:00,194.6
3/7/2025 16:15,208.25
3/7/2025 16:30,201.25
3/7/2025 16:45,194.25
3/7/2025 17:00,0
3/7/2025 17:15,0
3/7/2025 17:30,0
3/7/2025 17:45,0
3/7/2025 18:00,0
3/7/2025 18:15,0
3/7/2025 18:30,0
3/7/2025 18:45,0
3/7/2025 19:00,0
3/7/2025 19:15,0
3/7/2025 19:30,0
3/7/2025 19:45,0
3/7/2025 20:00,0
3/7/2025 20:15,0
3/7/2025 20:30,0
3/7/2025 20:45,0
3/7/2025 21:00,0
3/7/2025 21:15,0
3/7/2025 21:30,0
3/7/2025 21:45,0
3/7/2025 22:00,0
3/7/2025 22:15,0
3/7/2025 22:30,0
3/7/2025 22:45,0
3/7/2025 23:00,0
3/7/2025 23:15,0
3/7/2025 23:30,0
3/7/2025 23:45,0
4/7/2025 0:00,0
4/7/2025 0:15,0
4/7/2025 0:30,0
4/7/2025 0:45,0
4/7/2025 1:00,0
4/7/2025 1:15,0
4/7/2025 1:30,0
4/7/2025 1:45,0
4/7/2025 2:00,0
4/7/2025 2:15,0
4/7/2025 2:30,0
4/7/2025 2:45,0
4/7/2025 3:00,0
4/7/2025 3:15,0
4/7/2025 3:30,0
4/7/2025 3:45,0
4/7/2025 4:00,0
4/7/2025 4:15,0
4/7/2025 4:30,0
4/7/2025 4:45,0
4/7/2025 5:00,0
4/7/2025 5:15,0
4/7/2025 5:30,0
4/7/2025 5:45,0
4/7/2025 6:00,0
4/7/2025 6:15,0
4/7/2025 6:30,0
4/7/2025 6:45,0
4/7/2025 7:00,145.25
4/7/2025 7:15,227.5
4/7/2025 7:30,194.6
4/7/2025 7:45,185.5
4/7/2025 8:00,183.75
4/7/2025 8:15,206.85
4/7/2025 8:30,212.8
4/7/2025 8:45,201.6
4/7/2025 9:00,215.25
4/7/2025 9:15,215.25
4/7/2025 9:30,205.45
4/7/2025 9:45,212.8
4/7/2025 10:00,219.1
4/7/2025 10:15,212.1
4/7/2025 10:30,211.4
4/7/2025 10:45,213.85
4/7/2025 11:00,212.1
4/7/2025 11:15,208.6
4/7/2025 11:30,213.15
4/7/2025 11:45,211.05
4/7/2025 12:00,211.05
4/7/2025 12:15,228.55
4/7/2025 12:30,230.3
4/7/2025 12:45,229.6
4/7/2025 13:00,229.6
4/7/2025 13:15,230.3
4/7/2025 13:30,235.2
4/7/2025 13:45,226.1
4/7/2025 14:00,225.05
4/7/2025 14:15,226.45
4/7/2025 14:30,229.25
4/7/2025 14:45,213.15
4/7/2025 15:00,214.2
4/7/2025 15:15,208.25
4/7/2025 15:30,203.7
4/7/2025 15:45,224
4/7/2025 16:00,219.8
4/7/2025 16:15,210.35
4/7/2025 16:30,211.05
4/7/2025 16:45,198.1
4/7/2025 17:00,0
4/7/2025 17:15,0
4/7/2025 17:30,0
4/7/2025 17:45,0
4/7/2025 18:00,0
4/7/2025 18:15,0
4/7/2025 18:30,0
4/7/2025 18:45,0
4/7/2025 19:00,0
4/7/2025 19:15,0
4/7/2025 19:30,0
4/7/2025 19:45,0
4/7/2025 20:00,0
4/7/2025 20:15,0
4/7/2025 20:30,0
4/7/2025 20:45,0
4/7/2025 21:00,0
4/7/2025 21:15,0
4/7/2025 21:30,0
4/7/2025 21:45,0
4/7/2025 22:00,0
4/7/2025 22:15,0
4/7/2025 22:30,0
4/7/2025 22:45,0
4/7/2025 23:00,0
4/7/2025 23:15,0
4/7/2025 23:30,0
4/7/2025 23:45,0
5/7/2025 0:00,0
5/7/2025 0:15,0
5/7/2025 0:30,0
5/7/2025 0:45,0
5/7/2025 1:00,0
5/7/2025 1:15,0
5/7/2025 1:30,0
5/7/2025 1:45,0
5/7/2025 2:00,0
5/7/2025 2:15,0
5/7/2025 2:30,0
5/7/2025 2:45,0
5/7/2025 3:00,0
5/7/2025 3:15,0
5/7/2025 3:30,0
5/7/2025 3:45,0
5/7/2025 4:00,0
5/7/2025 4:15,0
5/7/2025 4:30,0
5/7/2025 4:45,0
5/7/2025 5:00,0
5/7/2025 5:15,0
5/7/2025 5:30,0
5/7/2025 5:45,0
5/7/2025 6:00,0
5/7/2025 6:15,0
5/7/2025 6:30,0
5/7/2025 6:45,0
5/7/2025 7:00,0
5/7/2025 7:15,0
5/7/2025 7:30,0
5/7/2025 7:45,0
5/7/2025 8:00,0
5/7/2025 8:15,0
5/7/2025 8:30,0
5/7/2025 8:45,0
5/7/2025 9:00,0
5/7/2025 9:15,0
5/7/2025 9:30,0
5/7/2025 9:45,0
5/7/2025 10:00,0
5/7/2025 10:15,0
5/7/2025 10:30,0
5/7/2025 10:45,0
5/7/2025 11:00,0
5/7/2025 11:15,0
5/7/2025 11:30,0
5/7/2025 11:45,0
5/7/2025 12:00,0
5/7/2025 12:15,0
5/7/2025 12:30,0
5/7/2025 12:45,0
5/7/2025 13:00,0
5/7/2025 13:15,0
5/7/2025 13:30,0
5/7/2025 13:45,0
5/7/2025 14:00,0
5/7/2025 14:15,0
5/7/2025 14:30,0
5/7/2025 14:45,0
5/7/2025 15:00,0
5/7/2025 15:15,0
5/7/2025 15:30,0
5/7/2025 15:45,0
5/7/2025 16:00,0
5/7/2025 16:15,0
5/7/2025 16:30,0
5/7/2025 16:45,0
5/7/2025 17:00,0
5/7/2025 17:15,0
5/7/2025 17:30,0
5/7/2025 17:45,0
5/7/2025 18:00,0
5/7/2025 18:15,0
5/7/2025 18:30,0
5/7/2025 18:45,0
5/7/2025 19:00,0
5/7/2025 19:15,0
5/7/2025 19:30,0
5/7/2025 19:45,0
5/7/2025 20:00,0
5/7/2025 20:15,0
5/7/2025 20:30,0
5/7/2025 20:45,0
5/7/2025 21:00,0
5/7/2025 21:15,0
5/7/2025 21:30,0
5/7/2025 21:45,0
5/7/2025 22:00,0
5/7/2025 22:15,0
5/7/2025 22:30,0
5/7/2025 22:45,0
5/7/2025 23:00,0
5/7/2025 23:15,0
5/7/2025 23:30,0
5/7/2025 23:45,0
6/7/2025 0:00,0
6/7/2025 0:15,0
6/7/2025 0:30,0
6/7/2025 0:45,0
6/7/2025 1:00,0
6/7/2025 1:15,0
6/7/2025 1:30,0
6/7/2025 1:45,0
6/7/2025 2:00,0
6/7/2025 2:15,0
6/7/2025 2:30,0
6/7/2025 2:45,0
6/7/2025 3:00,0
6/7/2025 3:15,0
6/7/2025 3:30,0
6/7/2025 3:45,0
6/7/2025 4:00,0
6/7/2025 4:15,0
6/7/2025 4:30,0
6/7/2025 4:45,0
6/7/2025 5:00,0
6/7/2025 5:15,0
6/7/2025 5:30,0
6/7/2025 5:45,0
6/7/2025 6:00,0
6/7/2025 6:15,0
6/7/2025 6:30,0
6/7/2025 6:45,0
6/7/2025 7:00,0
6/7/2025 7:15,0
6/7/2025 7:30,0
6/7/2025 7:45,0
6/7/2025 8:00,0
6/7/2025 8:15,0
6/7/2025 8:30,0
6/7/2025 8:45,0
6/7/2025 9:00,0
6/7/2025 9:15,0
6/7/2025 9:30,0
6/7/2025 9:45,0
6/7/2025 10:00,0
6/7/2025 10:15,0
6/7/2025 10:30,0
6/7/2025 10:45,0
6/7/2025 11:00,0
6/7/2025 11:15,0
6/7/2025 11:30,0
6/7/2025 11:45,0
6/7/2025 12:00,0
6/7/2025 12:15,0
6/7/2025 12:30,0
6/7/2025 12:45,0
6/7/2025 13:00,0
6/7/2025 13:15,0
6/7/2025 13:30,0
6/7/2025 13:45,0
6/7/2025 14:00,0
6/7/2025 14:15,0
6/7/2025 14:30,0
6/7/2025 14:45,0
6/7/2025 15:00,0
6/7/2025 15:15,0
6/7/2025 15:30,0
6/7/2025 15:45,0
6/7/2025 16:00,0
6/7/2025 16:15,0
6/7/2025 16:30,0
6/7/2025 16:45,0
6/7/2025 17:00,0
6/7/2025 17:15,0
6/7/2025 17:30,0
6/7/2025 17:45,0
6/7/2025 18:00,0
6/7/2025 18:15,0
6/7/2025 18:30,0
6/7/2025 18:45,0
6/7/2025 19:00,0
6/7/2025 19:15,0
6/7/2025 19:30,0
6/7/2025 19:45,0
6/7/2025 20:00,0
6/7/2025 20:15,0
6/7/2025 20:30,0
6/7/2025 20:45,0
6/7/2025 21:00,0
6/7/2025 21:15,0
6/7/2025 21:30,0
6/7/2025 21:45,0
6/7/2025 22:00,0
6/7/2025 22:15,0
6/7/2025 22:30,0
6/7/2025 22:45,0
6/7/2025 23:00,0
6/7/2025 23:15,0
6/7/2025 23:30,0
6/7/2025 23:45,0
7/7/2025 0:00,0
7/7/2025 0:15,0
7/7/2025 0:30,0
7/7/2025 0:45,0
7/7/2025 1:00,0
7/7/2025 1:15,0
7/7/2025 1:30,0
7/7/2025 1:45,0
7/7/2025 2:00,0
7/7/2025 2:15,0
7/7/2025 2:30,0
7/7/2025 2:45,0
7/7/2025 3:00,0
7/7/2025 3:15,0
7/7/2025 3:30,0
7/7/2025 3:45,0
7/7/2025 4:00,0
7/7/2025 4:15,0
7/7/2025 4:30,0
7/7/2025 4:45,0
7/7/2025 5:00,0
7/7/2025 5:15,0
7/7/2025 5:30,0
7/7/2025 5:45,0
7/7/2025 6:00,0
7/7/2025 6:15,0
7/7/2025 6:30,0
7/7/2025 6:45,434.22
7/7/2025 7:00,297.53
7/7/2025 7:15,307.67
7/7/2025 7:30,296.56
7/7/2025 7:45,284.97
7/7/2025 8:00,282.07
7/7/2025 8:15,304.77
7/7/2025 8:30,305.74
7/7/2025 8:45,306.22
7/7/2025 9:00,305.26
7/7/2025 9:15,304.77
7/7/2025 9:30,303.32
7/7/2025 9:45,302.84
7/7/2025 10:00,297.53
7/7/2025 10:15,301.88
7/7/2025 10:30,302.36
7/7/2025 10:45,304.77
7/7/2025 11:00,302.84
7/7/2025 11:15,302.36
7/7/2025 11:30,298.98
7/7/2025 11:45,307.67
7/7/2025 12:00,307.19
7/7/2025 12:15,326.51
7/7/2025 12:30,342.93
7/7/2025 12:45,333.75
7/7/2025 13:00,336.65
7/7/2025 13:15,341.48
7/7/2025 13:30,336.17
7/7/2025 13:45,336.65
7/7/2025 14:00,336.65
7/7/2025 14:15,340.03
7/7/2025 14:30,342.45
7/7/2025 14:45,344.86
7/7/2025 15:00,344.38
7/7/2025 15:15,330.37
7/7/2025 15:30,323.13
7/7/2025 15:45,346.79
7/7/2025 16:00,331.82
7/7/2025 16:15,332.79
7/7/2025 16:30,321.2
7/7/2025 16:45,0
7/7/2025 17:00,0
7/7/2025 17:15,0
7/7/2025 17:30,0
7/7/2025 17:45,0
7/7/2025 18:00,0
7/7/2025 18:15,0
7/7/2025 18:30,0
7/7/2025 18:45,0
7/7/2025 19:00,0
7/7/2025 19:15,0
7/7/2025 19:30,0
7/7/2025 19:45,0
7/7/2025 20:00,0
7/7/2025 20:15,0
7/7/2025 20:30,0
7/7/2025 20:45,0
7/7/2025 21:00,0
7/7/2025 21:15,0
7/7/2025 21:30,0
7/7/2025 21:45,0
7/7/2025 22:00,0
7/7/2025 22:15,0
7/7/2025 22:30,0
7/7/2025 22:45,0
7/7/2025 23:00,0
7/7/2025 23:15,0
7/7/2025 23:30,0
7/7/2025 23:45,0
8/7/2025 0:00,0
8/7/2025 0:15,0
8/7/2025 0:30,0
8/7/2025 0:45,0
8/7/2025 1:00,0
8/7/2025 1:15,0
8/7/2025 1:30,0
8/7/2025 1:45,0
8/7/2025 2:00,0
8/7/2025 2:15,0
8/7/2025 2:30,0
8/7/2025 2:45,0
8/7/2025 3:00,0
8/7/2025 3:15,0
8/7/2025 3:30,0
8/7/2025 3:45,0
8/7/2025 4:00,0
8/7/2025 4:15,0
8/7/2025 4:30,0
8/7/2025 4:45,0
8/7/2025 5:00,0
8/7/2025 5:15,0
8/7/2025 5:30,0
8/7/2025 5:45,0
8/7/2025 6:00,0
8/7/2025 6:15,0
8/7/2025 6:30,0
8/7/2025 6:45,0
8/7/2025 7:00,0
8/7/2025 7:15,419.24
8/7/2025 7:30,311.05
8/7/2025 7:45,298.98
8/7/2025 8:00,298.98
8/7/2025 8:15,315.88
8/7/2025 8:30,335.2
8/7/2025 8:45,334.24
8/7/2025 9:00,333.75
8/7/2025 9:15,324.58
8/7/2025 9:30,317.33
8/7/2025 9:45,323.13
8/7/2025 10:00,324.09
8/7/2025 10:15,319.26
8/7/2025 10:30,319.26
8/7/2025 10:45,325.06
8/7/2025 11:00,324.58
8/7/2025 11:15,323.13
8/7/2025 11:30,326.51
8/7/2025 11:45,326.99
8/7/2025 12:00,325.06
8/7/2025 12:15,351.62
8/7/2025 12:30,345.35
8/7/2025 12:45,341.96
8/7/2025 13:00,348.24
8/7/2025 13:15,343.41
8/7/2025 13:30,342.93
8/7/2025 13:45,330.37
8/7/2025 14:00,334.72
8/7/2025 14:15,335.2
8/7/2025 14:30,335.69
8/7/2025 14:45,332.3
8/7/2025 15:00,332.79
8/7/2025 15:15,323.61
8/7/2025 15:30,315.4
